Ticker,Date,Price
IQ,2/22/2021,1
RS,2/22/2021,1
MBR,2/22/2021,1
YBS,2/22/2021,1
UKD,2/22/2021,1
NFCO,2/22/2021,1
QPNL,2/22/2021,1
PIDJ,2/22/2021,1
GRF,2/22/2021,1
JPAV,2/22/2021,1
RSNM,2/22/2021,1
NR,2/22/2021,1
QWQN,2/22/2021,1
DIOP,2/22/2021,1
LDK,2/22/2021,1
LMA,2/22/2021,1
R,2/22/2021,1
XVA,2/22/2021,1
WCV,2/22/2021,1
AE,2/22/2021,1
SRD,2/22/2021,1
SB,2/22/2021,1
ZWV,2/22/2021,1
UJK,2/22/2021,1
PWZ,2/22/2021,1
PETT,2/22/2021,1
RRK,2/22/2021,1
RVT,2/22/2021,1
NCQ,2/22/2021,1
KYQT,2/22/2021,1
MRI,2/22/2021,1
NMD,2/22/2021,1
CED,2/22/2021,1
IO,2/22/2021,1
SVOI,2/22/2021,1
CJN,2/22/2021,1
KGQB,2/22/2021,1
OTN,2/22/2021,1
LBOR,2/22/2021,1
SJOH,2/22/2021,1
LW,2/22/2021,1
EDL,2/22/2021,1
DAMF,2/22/2021,1
CCSZ,2/22/2021,1
IUN,2/22/2021,1
YJEC,2/22/2021,1
JRJ,2/22/2021,1
AWZA,2/22/2021,1
JUXL,2/22/2021,1
DFCH,2/22/2021,1
IEBJ,2/22/2021,1
LMB,2/22/2021,1
YTX,2/22/2021,1
LUYA,2/22/2021,1
OTC,2/22/2021,1
FBCS,2/22/2021,1
KMTS,2/22/2021,1
XIOR,2/22/2021,1
LCN,2/22/2021,1
QMAI,2/22/2021,1
SFA,2/22/2021,1
YIGN,2/22/2021,1
PG,2/22/2021,1
GITR,2/22/2021,1
EJ,2/22/2021,1
HL,2/22/2021,1
ZOBM,2/22/2021,1
LEIV,2/22/2021,1
BQR,2/22/2021,1
DYB,2/22/2021,1
RXOM,2/22/2021,1
SOVP,2/22/2021,1
IYLW,2/22/2021,1
GNEI,2/22/2021,1
HXG,2/22/2021,1
FKD,2/22/2021,1
TFS,2/22/2021,1
DYAQ,2/22/2021,1
BJ,2/22/2021,1
RDI,2/22/2021,1
VQG,2/22/2021,1
JUQH,2/22/2021,1
IRWL,2/22/2021,1
KL,2/22/2021,1
TJXK,2/22/2021,1
VT,2/22/2021,1
UQV,2/22/2021,1
SDW,2/22/2021,1
EEN,2/22/2021,1
NET,2/22/2021,1
HH,2/22/2021,1
RSHA,2/22/2021,1
QOFP,2/22/2021,1
ZQ,2/22/2021,1
IXFB,2/22/2021,1
XKL,2/22/2021,1
REC,2/22/2021,1
QLOK,2/22/2021,1
YV,2/22/2021,1
WFU,2/22/2021,1
VUKR,2/22/2021,1
TSK,2/22/2021,1
BVOL,2/22/2021,1
RPD,2/22/2021,1
KJ,2/22/2021,1
IZL,2/22/2021,1
MVT,2/22/2021,1
IX,2/22/2021,1
FBGS,2/22/2021,1
VVTR,2/22/2021,1
OG,2/22/2021,1
RJNB,2/22/2021,1
SYB,2/22/2021,1
CVRK,2/22/2021,1
ZREA,2/22/2021,1
BEWR,2/22/2021,1
RJDW,2/22/2021,1
XB,2/22/2021,1
NSD,2/22/2021,1
FMY,2/22/2021,1
GOD,2/22/2021,1
RQXW,2/22/2021,1
ZRVU,2/22/2021,1
WJQ,2/22/2021,1
BMCT,2/22/2021,1
SEVR,2/22/2021,1
HRPQ,2/22/2021,1
QOF,2/22/2021,1
WQPC,2/22/2021,1
MXVR,2/22/2021,1
YXGA,2/22/2021,1
OL,2/22/2021,1
SUP,2/22/2021,1
RFUB,2/22/2021,1
BIM,2/22/2021,1
WSI,2/22/2021,1
NCXZ,2/22/2021,1
ZSQ,2/22/2021,1
VMOK,2/22/2021,1
KYAK,2/22/2021,1
HTN,2/22/2021,1
BU,2/22/2021,1
NN,2/22/2021,1
XKBP,2/22/2021,1
UVSM,2/22/2021,1
OUUU,2/22/2021,1
MOL,2/22/2021,1
CJ,2/22/2021,1
BUAD,2/22/2021,1
EZU,2/22/2021,1
PZ,2/22/2021,1
VCGZ,2/22/2021,1
LUWH,2/22/2021,1
SKN,2/22/2021,1
MQW,2/22/2021,1
XYW,2/22/2021,1
BN,2/22/2021,1
TSL,2/22/2021,1
IUKM,2/22/2021,1
PCO,2/22/2021,1
BFFN,2/22/2021,1
EHU,2/22/2021,1
RLG,2/22/2021,1
XFC,2/22/2021,1
KOE,2/22/2021,1
GTS,2/22/2021,1
KYBV,2/22/2021,1
UMEI,2/22/2021,1
ZFD,2/22/2021,1
YPE,2/22/2021,1
DMYQ,2/22/2021,1
FEI,2/22/2021,1
UNR,2/22/2021,1
MMT,2/22/2021,1
HFSF,2/22/2021,1
P,2/22/2021,1
BFWT,2/22/2021,1
WOFN,2/22/2021,1
OUI,2/22/2021,1
UX,2/22/2021,1
BLT,2/22/2021,1
EGZ,2/22/2021,1
RT,2/22/2021,1
OKMD,2/22/2021,1
GR,2/22/2021,1
XENG,2/22/2021,1
MJ,2/22/2021,1
SCL,2/22/2021,1
CA,2/22/2021,1
LOJ,2/22/2021,1
MMS,2/22/2021,1
ZP,2/22/2021,1
WJX,2/22/2021,1
NDNL,2/22/2021,1
RVTK,2/22/2021,1
QIX,2/22/2021,1
AXX,2/22/2021,1
SOA,2/22/2021,1
DCV,2/22/2021,1
DSX,2/22/2021,1
CF,2/22/2021,1
YIYH,2/22/2021,1
WITI,2/22/2021,1
HPEL,2/22/2021,1
XWO,2/22/2021,1
TCD,2/22/2021,1
BYF,2/22/2021,1
WKD,2/22/2021,1
HJJQ,2/22/2021,1
QJPA,2/22/2021,1
L,2/22/2021,1
YHYW,2/22/2021,1
UPV,2/22/2021,1
LZL,2/22/2021,1
KBTV,2/22/2021,1
DDN,2/22/2021,1
ZVE,2/22/2021,1
QLZ,2/22/2021,1
JJ,2/22/2021,1
SPJL,2/22/2021,1
ZFP,2/22/2021,1
CL,2/22/2021,1
EWHT,2/22/2021,1
QKG,2/22/2021,1
EBFB,2/22/2021,1
BSZ,2/22/2021,1
MCJV,2/22/2021,1
PSEB,2/22/2021,1
XXDJ,2/22/2021,1
NIZ,2/22/2021,1
YA,2/22/2021,1
ZWSI,2/22/2021,1
EFTU,2/22/2021,1
ZWGZ,2/22/2021,1
SYRI,2/22/2021,1
INMG,2/22/2021,1
RPL,2/22/2021,1
QBM,2/22/2021,1
CJBO,2/22/2021,1
RRW,2/22/2021,1
HPMG,2/22/2021,1
YXX,2/22/2021,1
IRYG,2/22/2021,1
SZMN,2/22/2021,1
GWM,2/22/2021,1
XNF,2/22/2021,1
QX,2/22/2021,1
WLJ,2/22/2021,1
UPX,2/22/2021,1
EMD,2/22/2021,1
SDYT,2/22/2021,1
LL,2/22/2021,1
IICT,2/22/2021,1
OBU,2/22/2021,1
FAVF,2/22/2021,1
LYJ,2/22/2021,1
RYDM,2/22/2021,1
RYN,2/22/2021,1
EMGF,2/22/2021,1
QK,2/22/2021,1
TYRF,2/22/2021,1
DGXK,2/22/2021,1
RWV,2/22/2021,1
KTS,2/22/2021,1
RWO,2/22/2021,1
EAM,2/22/2021,1
MBQW,2/22/2021,1
WIBP,2/22/2021,1
BC,2/22/2021,1
YJM,2/22/2021,1
JPE,2/22/2021,1
DJZQ,2/22/2021,1
QUD,2/22/2021,1
VWYY,2/22/2021,1
VGPN,2/22/2021,1
RJU,2/22/2021,1
OGUY,2/22/2021,1
RPUD,2/22/2021,1
RGBN,2/22/2021,1
TLTC,2/22/2021,1
VDJ,2/22/2021,1
PHK,2/22/2021,1
RXUG,2/22/2021,1
AKCT,2/22/2021,1
UT,2/22/2021,1
IMGP,2/22/2021,1
TLZO,2/22/2021,1
GRU,2/22/2021,1
ZYRC,2/22/2021,1
ZCY,2/22/2021,1
PWX,2/22/2021,1
HJV,2/22/2021,1
UTQ,2/22/2021,1
VIQJ,2/22/2021,1
PTWY,2/22/2021,1
QHQS,2/22/2021,1
EEQZ,2/22/2021,1
NL,2/22/2021,1
BPZQ,2/22/2021,1
KDHX,2/22/2021,1
HHDA,2/22/2021,1
CUG,2/22/2021,1
OVSM,2/22/2021,1
SHVX,2/22/2021,1
NILC,2/22/2021,1
YUC,2/22/2021,1
EIP,2/22/2021,1
JPW,2/22/2021,1
MRFX,2/22/2021,1
CDOS,2/22/2021,1
HCDD,2/22/2021,1
LAEQ,2/22/2021,1
JFJM,2/22/2021,1
SVK,2/22/2021,1
UMTR,2/22/2021,1
WGFO,2/22/2021,1
FEH,2/22/2021,1
WGP,2/22/2021,1
DIO,2/22/2021,1
SA,2/22/2021,1
EVAM,2/22/2021,1
LFL,2/22/2021,1
PZCC,2/22/2021,1
XNJT,2/22/2021,1
WO,2/22/2021,1
JFO,2/22/2021,1
GKQ,2/22/2021,1
IFZ,2/22/2021,1
CPMU,2/22/2021,1
KF,2/22/2021,1
SBPB,2/22/2021,1
LVIK,2/22/2021,1
ONIY,2/22/2021,1
FAJE,2/22/2021,1
GDXJ,2/22/2021,1
SLA,2/22/2021,1
QWN,2/22/2021,1
MTO,2/22/2021,1
HSD,2/22/2021,1
CHMM,2/22/2021,1
FK,2/22/2021,1
TCZV,2/22/2021,1
BAD,2/22/2021,1
EFPW,2/22/2021,1
LRO,2/22/2021,1
UHJZ,2/22/2021,1
IAO,2/22/2021,1
NKRD,2/22/2021,1
LE,2/22/2021,1
KZHJ,2/22/2021,1
KZPP,2/22/2021,1
SUWL,2/22/2021,1
KHEP,2/22/2021,1
TYJ,2/22/2021,1
OGW,2/22/2021,1
EWK,2/22/2021,1
QKMY,2/22/2021,1
RCDQ,2/22/2021,1
UBKU,2/22/2021,1
HPD,2/22/2021,1
TVT,2/22/2021,1
OI,2/22/2021,1
XALG,2/22/2021,1
QD,2/22/2021,1
EY,2/22/2021,1
RAK,2/22/2021,1
HHUX,2/22/2021,1
LHR,2/22/2021,1
PJE,2/22/2021,1
CIUV,2/22/2021,1
LJH,2/22/2021,1
AHRA,2/22/2021,1
PNXP,2/22/2021,1
BBB,2/22/2021,1
XQA,2/22/2021,1
ZJZ,2/22/2021,1
LDH,2/22/2021,1
IIET,2/22/2021,1
DSV,2/22/2021,1
GFP,2/22/2021,1
XCUQ,2/22/2021,1
JMNN,2/22/2021,1
OSKX,2/22/2021,1
JSW,2/22/2021,1
TCL,2/22/2021,1
QFAK,2/22/2021,1
JLDF,2/22/2021,1
WBFZ,2/22/2021,1
OEPW,2/22/2021,1
PVTM,2/22/2021,1
NYUP,2/22/2021,1
EHOR,2/22/2021,1
PA,2/22/2021,1
SG,2/22/2021,1
PZIY,2/22/2021,1
RHHI,2/22/2021,1
PLIP,2/22/2021,1
CNRR,2/22/2021,1
IBUM,2/22/2021,1
IHX,2/22/2021,1
TAF,2/22/2021,1
ECVV,2/22/2021,1
QJL,2/22/2021,1
AZML,2/22/2021,1
WM,2/22/2021,1
IABI,2/22/2021,1
WIL,2/22/2021,1
RWPM,2/22/2021,1
HFHX,2/22/2021,1
YKR,2/22/2021,1
HXE,2/22/2021,1
KSIL,2/22/2021,1
NGHZ,2/22/2021,1
MDNK,2/22/2021,1
KMGT,2/22/2021,1
ZINO,2/22/2021,1
IQY,2/22/2021,1
CPS,2/22/2021,1
UMXY,2/22/2021,1
MWVN,2/22/2021,1
QFN,2/22/2021,1
RGI,2/22/2021,1
HAB,2/22/2021,1
RBM,2/22/2021,1
OVG,2/22/2021,1
CSZH,2/22/2021,1
KLXY,2/22/2021,1
IZNB,2/22/2021,1
FYDG,2/22/2021,1
ZNE,2/22/2021,1
WEI,2/22/2021,1
BOIL,2/22/2021,1
TC,2/22/2021,1
ZRFW,2/22/2021,1
NAV,2/22/2021,1
YWN,2/22/2021,1
UFE,2/22/2021,1
RSVJ,2/22/2021,1
FSEL,2/22/2021,1
AYE,2/22/2021,1
NRSI,2/22/2021,1
BDRB,2/22/2021,1
QL,2/22/2021,1
AKQL,2/22/2021,1
OGIB,2/22/2021,1
FSM,2/22/2021,1
UKR,2/22/2021,1
SMCF,2/22/2021,1
DHWZ,2/22/2021,1
TDEW,2/22/2021,1
YANN,2/22/2021,1
QYW,2/22/2021,1
FRY,2/22/2021,1
ORX,2/22/2021,1
JD,2/22/2021,1
FIJ,2/22/2021,1
KGV,2/22/2021,1
JXZL,2/22/2021,1
PUZ,2/22/2021,1
RRC,2/22/2021,1
FBX,2/22/2021,1
WPCR,2/22/2021,1
UPC,2/22/2021,1
BRC,2/22/2021,1
JSR,2/22/2021,1
EIPA,2/22/2021,1
VVTY,2/22/2021,1
QGSO,2/22/2021,1
PUI,2/22/2021,1
CIX,2/22/2021,1
HPY,2/22/2021,1
DBK,2/22/2021,1
DQM,2/22/2021,1
BHJA,2/22/2021,1
YYJX,2/22/2021,1
CDU,2/22/2021,1
AQPW,2/22/2021,1
HDE,2/22/2021,1
TDUJ,2/22/2021,1
BWO,2/22/2021,1
DCG,2/22/2021,1
ZOQE,2/22/2021,1
VVVO,2/22/2021,1
PQG,2/22/2021,1
BGJX,2/22/2021,1
VFBV,2/22/2021,1
CZTX,2/22/2021,1
SU,2/22/2021,1
QRAK,2/22/2021,1
RFB,2/22/2021,1
LSQG,2/22/2021,1
IGBB,2/22/2021,1
OECA,2/22/2021,1
IZT,2/22/2021,1
NZDQ,2/22/2021,1
PAM,2/22/2021,1
EBRB,2/22/2021,1
YWZK,2/22/2021,1
LOX,2/22/2021,1
LPKL,2/22/2021,1
LP,2/22/2021,1
LPGN,2/22/2021,1
QXX,2/22/2021,1
DAT,2/22/2021,1
XZAS,2/22/2021,1
DR,2/22/2021,1
HTIO,2/22/2021,1
SAJ,2/22/2021,1
QBNM,2/22/2021,1
TQ,2/22/2021,1
RNTM,2/22/2021,1
WSG,2/22/2021,1
AFO,2/22/2021,1
WJS,2/22/2021,1
JAKZ,2/22/2021,1
OWA,2/22/2021,1
SS,2/22/2021,1
SNC,2/22/2021,1
QNI,2/22/2021,1
FPM,2/22/2021,1
UFBV,2/22/2021,1
IFWJ,2/22/2021,1
ELO,2/22/2021,1
PVTW,2/22/2021,1
PSV,2/22/2021,1
TWWE,2/22/2021,1
SEWK,2/22/2021,1
LWJY,2/22/2021,1
CHWW,2/22/2021,1
QC,2/22/2021,1
EF,2/22/2021,1
MWT,2/22/2021,1
KXP,2/22/2021,1
DET,2/22/2021,1
OV,2/22/2021,1
OGR,2/22/2021,1
OQY,2/22/2021,1
SKR,2/22/2021,1
XLEJ,2/22/2021,1
UU,2/22/2021,1
VUV,2/22/2021,1
CYO,2/22/2021,1
OZY,2/22/2021,1
JTN,2/22/2021,1
VI,2/22/2021,1
FMBU,2/22/2021,1
CFCG,2/22/2021,1
JOX,2/22/2021,1
AMKB,2/22/2021,1
DA,2/22/2021,1
HF,2/22/2021,1
EBQ,2/22/2021,1
YYGG,2/22/2021,1
AELQ,2/22/2021,1
ZLMG,2/22/2021,1
STRT,2/22/2021,1
WOC,2/22/2021,1
BVDX,2/22/2021,1
JTXE,2/22/2021,1
VP,2/22/2021,1
ITOM,2/22/2021,1
DGUW,2/22/2021,1
WWWG,2/22/2021,1
CE,2/22/2021,1
NWW,2/22/2021,1
RFZ,2/22/2021,1
YRL,2/22/2021,1
DKAT,2/22/2021,1
BRLN,2/22/2021,1
LBC,2/22/2021,1
PQT,2/22/2021,1
VLZO,2/22/2021,1
VNEF,2/22/2021,1
FZH,2/22/2021,1
NGOB,2/22/2021,1
IDA,2/22/2021,1
CVP,2/22/2021,1
VILM,2/22/2021,1
SVO,2/22/2021,1
NBB,2/22/2021,1
CLR,2/22/2021,1
LJUG,2/22/2021,1
DLS,2/22/2021,1
QILP,2/22/2021,1
LSFC,2/22/2021,1
EAOC,2/22/2021,1
ZPQK,2/22/2021,1
NGPN,2/22/2021,1
HNBY,2/22/2021,1
RCSA,2/22/2021,1
OVA,2/22/2021,1
HYMU,2/22/2021,1
KHA,2/22/2021,1
HLV,2/22/2021,1
SMN,2/22/2021,1
IH,2/22/2021,1
CWO,2/22/2021,1
XDWR,2/22/2021,1
PLIJ,2/22/2021,1
ZCQ,2/22/2021,1
QG,2/22/2021,1
KPS,2/22/2021,1
FMQO,2/22/2021,1
HWJJ,2/22/2021,1
WKK,2/22/2021,1
DS,2/22/2021,1
JYE,2/22/2021,1
DHH,2/22/2021,1
FXP,2/22/2021,1
MP,2/22/2021,1
SHA,2/22/2021,1
UD,2/22/2021,1
PDY,2/22/2021,1
SUT,2/22/2021,1
ZAJN,2/22/2021,1
XH,2/22/2021,1
BLP,2/22/2021,1
DHP,2/22/2021,1
FBE,2/22/2021,1
RHPJ,2/22/2021,1
QEAI,2/22/2021,1
MHK,2/22/2021,1
RSZI,2/22/2021,1
US,2/22/2021,1
MDNU,2/22/2021,1
IID,2/22/2021,1
CZCK,2/22/2021,1
QOY,2/22/2021,1
JRSA,2/22/2021,1
UI,2/22/2021,1
IKER,2/22/2021,1
XW,2/22/2021,1
WBGI,2/22/2021,1
HKWS,2/22/2021,1
XNW,2/22/2021,1
EKP,2/22/2021,1
CBDZ,2/22/2021,1
CZJ,2/22/2021,1
OAP,2/22/2021,1
ZKHJ,2/22/2021,1
PIQ,2/22/2021,1
MRAW,2/22/2021,1
MDW,2/22/2021,1
OPUZ,2/22/2021,1
MSXT,2/22/2021,1
PBB,2/22/2021,1
GX,2/22/2021,1
CZGI,2/22/2021,1
NGAM,2/22/2021,1
XEKO,2/22/2021,1
YWFP,2/22/2021,1
TKSA,2/22/2021,1
ICLE,2/22/2021,1
GKRI,2/22/2021,1
FVZM,2/22/2021,1
UUB,2/22/2021,1
BRXL,2/22/2021,1
RZO,2/22/2021,1
HMSF,2/22/2021,1
BLQG,2/22/2021,1
FFO,2/22/2021,1
NAYZ,2/22/2021,1
GPJX,2/22/2021,1
NA,2/22/2021,1
JUKW,2/22/2021,1
GOO,2/22/2021,1
RZJG,2/22/2021,1
UEET,2/22/2021,1
WS,2/22/2021,1
USFQ,2/22/2021,1
UEQ,2/22/2021,1
MPH,2/22/2021,1
WMX,2/22/2021,1
EE,2/22/2021,1
EEXK,2/22/2021,1
QHHC,2/22/2021,1
JNPP,2/22/2021,1
ORFK,2/22/2021,1
FY,2/22/2021,1
LF,2/22/2021,1
EFIR,2/22/2021,1
EXD,2/22/2021,1
JVG,2/22/2021,1
FN,2/22/2021,1
MXRS,2/22/2021,1
WBHL,2/22/2021,1
WJJH,2/22/2021,1
FJ,2/22/2021,1
SMVL,2/22/2021,1
QCJ,2/22/2021,1
HRUU,2/22/2021,1
UUPO,2/22/2021,1
THK,2/22/2021,1
ZUF,2/22/2021,1
YQO,2/22/2021,1
IJ,2/22/2021,1
MBW,2/22/2021,1
FWZ,2/22/2021,1
ZIJ,2/22/2021,1
QXYU,2/22/2021,1
IS,2/22/2021,1
WI,2/22/2021,1
VQML,2/22/2021,1
VONJ,2/22/2021,1
ISKG,2/22/2021,1
QF,2/22/2021,1
BPBD,2/22/2021,1
IRMU,2/22/2021,1
RTY,2/22/2021,1
ZAN,2/22/2021,1
HTC,2/22/2021,1
LWKC,2/22/2021,1
SIC,2/22/2021,1
OKVD,2/22/2021,1
HDX,2/22/2021,1
LNQM,2/22/2021,1
UBR,2/22/2021,1
LRD,2/22/2021,1
PL,2/22/2021,1
XZZ,2/22/2021,1
LPC,2/22/2021,1
IU,2/22/2021,1
GQT,2/22/2021,1
IOT,2/22/2021,1
AOR,2/22/2021,1
KVRM,2/22/2021,1
FOJG,2/22/2021,1
TKHE,2/22/2021,1
ZJSL,2/22/2021,1
EYE,2/22/2021,1
EHMI,2/22/2021,1
PVRW,2/22/2021,1
HAHC,2/22/2021,1
RLB,2/22/2021,1
QTPM,2/22/2021,1
PNY,2/22/2021,1
CZ,2/22/2021,1
GE,2/22/2021,1
WDS,2/22/2021,1
UYUX,2/22/2021,1
TXMG,2/22/2021,1
YMF,2/22/2021,1
LVT,2/22/2021,1
EOG,2/22/2021,1
EXHZ,2/22/2021,1
ZGF,2/22/2021,1
ZDI,2/22/2021,1
QSM,2/22/2021,1
EKSA,2/22/2021,1
BZLW,2/22/2021,1
DWMQ,2/22/2021,1
ICJ,2/22/2021,1
PWE,2/22/2021,1
KSJ,2/22/2021,1
VLOP,2/22/2021,1
KUVF,2/22/2021,1
JWAO,2/22/2021,1
KKZH,2/22/2021,1
JP,2/22/2021,1
HM,2/22/2021,1
FPRA,2/22/2021,1
MHJ,2/22/2021,1
RBA,2/22/2021,1
RKU,2/22/2021,1
JI,2/22/2021,1
KS,2/22/2021,1
RQ,2/22/2021,1
CSCE,2/22/2021,1
VMF,2/22/2021,1
SWOW,2/22/2021,1
TZEU,2/22/2021,1
SBC,2/22/2021,1
OZ,2/22/2021,1
IXZM,2/22/2021,1
TI,2/22/2021,1
JG,2/22/2021,1
POCK,2/22/2021,1
XWDZ,2/22/2021,1
FFJL,2/22/2021,1
MYKD,2/22/2021,1
HA,2/22/2021,1
MF,2/22/2021,1
MFPK,2/22/2021,1
BNT,2/22/2021,1
ADB,2/22/2021,1
TDJL,2/22/2021,1
YBMK,2/22/2021,1
UOYN,2/22/2021,1
XBC,2/22/2021,1
OZNX,2/22/2021,1
WEK,2/22/2021,1
WV,2/22/2021,1
UCT,2/22/2021,1
YEO,2/22/2021,1
RSGY,2/22/2021,1
BT,2/22/2021,1
QIY,2/22/2021,1
ZGWL,2/22/2021,1
BZ,2/22/2021,1
NYV,2/22/2021,1
KEOC,2/22/2021,1
AGD,2/22/2021,1
NEHH,2/22/2021,1
TBN,2/22/2021,1
HMG,2/22/2021,1
ORC,2/22/2021,1
OBD,2/22/2021,1
SJNM,2/22/2021,1
RFF,2/22/2021,1
GJZ,2/22/2021,1
BAG,2/22/2021,1
VBA,2/22/2021,1
KVK,2/22/2021,1
DUVE,2/22/2021,1
DJOO,2/22/2021,1
DTZ,2/22/2021,1
ZVG,2/22/2021,1
CDS,2/22/2021,1
NC,2/22/2021,1
YKSS,2/22/2021,1
MGIF,2/22/2021,1
JRUJ,2/22/2021,1
ZHMV,2/22/2021,1
YEKE,2/22/2021,1
ASYG,2/22/2021,1
BYCE,2/22/2021,1
ASG,2/22/2021,1
ABN,2/22/2021,1
AYW,2/22/2021,1
KM,2/22/2021,1
DNG,2/22/2021,1
LZNH,2/22/2021,1
HAHM,2/22/2021,1
RZJ,2/22/2021,1
RM,2/22/2021,1
JAEE,2/22/2021,1
WME,2/22/2021,1
YOKZ,2/22/2021,1
NRI,2/22/2021,1
HYG,2/22/2021,1
TSHY,2/22/2021,1
UYZT,2/22/2021,1
OH,2/22/2021,1
QBK,2/22/2021,1
DYRP,2/22/2021,1
WQB,2/22/2021,1
PYYA,2/22/2021,1
NDQ,2/22/2021,1
YYVD,2/22/2021,1
TQB,2/22/2021,1
XZHR,2/22/2021,1
IQES,2/22/2021,1
HZU,2/22/2021,1
TSUD,2/22/2021,1
XEGX,2/22/2021,1
AMLX,2/22/2021,1
VUQ,2/22/2021,1
ASA,2/22/2021,1
DPYO,2/22/2021,1
ZBY,2/22/2021,1
VUS,2/22/2021,1
NHWP,2/22/2021,1
PBPM,2/22/2021,1
GWKJ,2/22/2021,1
WZD,2/22/2021,1
VPQ,2/22/2021,1
JEJ,2/22/2021,1
MCZR,2/22/2021,1
EBO,2/22/2021,1
YDTL,2/22/2021,1
PWTW,2/22/2021,1
RVOB,2/22/2021,1
PZW,2/22/2021,1
RD,2/22/2021,1
BTOQ,2/22/2021,1
QCS,2/22/2021,1
ZDXB,2/22/2021,1
YADH,2/22/2021,1
AQKN,2/22/2021,1
SURB,2/22/2021,1
LYD,2/22/2021,1
BNLD,2/22/2021,1
OTLP,2/22/2021,1
HWPT,2/22/2021,1
CZD,2/22/2021,1
YYWT,2/22/2021,1
EKM,2/22/2021,1
MNFB,2/22/2021,1
HDN,2/22/2021,1
RR,2/22/2021,1
WZH,2/22/2021,1
CKY,2/22/2021,1
HLPD,2/22/2021,1
HDBB,2/22/2021,1
RSGB,2/22/2021,1
ONN,2/22/2021,1
UCYZ,2/22/2021,1
MYAH,2/22/2021,1
RXL,2/22/2021,1
AON,2/22/2021,1
YWBT,2/22/2021,1
YYS,2/22/2021,1
HZR,2/22/2021,1
WRO,2/22/2021,1
FHFY,2/22/2021,1
WPNL,2/22/2021,1
DAF,2/22/2021,1
TUVQ,2/22/2021,1
RYSP,2/22/2021,1
LCE,2/22/2021,1
CBDJ,2/22/2021,1
IMFK,2/22/2021,1
MCV,2/22/2021,1
VGS,2/22/2021,1
RWF,2/22/2021,1
SQOP,2/22/2021,1
MMD,2/22/2021,1
LJRU,2/22/2021,1
HECA,2/22/2021,1
LFBB,2/22/2021,1
DMLY,2/22/2021,1
JFN,2/22/2021,1
HSE,2/22/2021,1
BNAF,2/22/2021,1
VSGL,2/22/2021,1
QECE,2/22/2021,1
CYPK,2/22/2021,1
XZRF,2/22/2021,1
FBV,2/22/2021,1
YPZS,2/22/2021,1
HXBZ,2/22/2021,1
VH,2/22/2021,1
DKVZ,2/22/2021,1
QWO,2/22/2021,1
VWPF,2/22/2021,1
BPR,2/22/2021,1
YNE,2/22/2021,1
ERRB,2/22/2021,1
USIA,2/22/2021,1
IC,2/22/2021,1
ZSG,2/22/2021,1
WNNB,2/22/2021,1
NDBT,2/22/2021,1
CSO,2/22/2021,1
UCNM,2/22/2021,1
CZEB,2/22/2021,1
UVGC,2/22/2021,1
JRE,2/22/2021,1
BPPT,2/22/2021,1
KJUD,2/22/2021,1
OR,2/22/2021,1
NDTU,2/22/2021,1
FOT,2/22/2021,1
XLBS,2/22/2021,1
IHPX,2/22/2021,1
OHG,2/22/2021,1
VIBR,2/22/2021,1
QVS,2/22/2021,1
RZ,2/22/2021,1
COWW,2/22/2021,1
VKAG,2/22/2021,1
S,2/22/2021,1
KVV,2/22/2021,1
JVUF,2/22/2021,1
QQ,2/22/2021,1
NOML,2/22/2021,1
GLK,2/22/2021,1
WT,2/22/2021,1
TVH,2/22/2021,1
DEEM,2/22/2021,1
DBNY,2/22/2021,1
LRC,2/22/2021,1
VABC,2/22/2021,1
YWHE,2/22/2021,1
GZU,2/22/2021,1
WLV,2/22/2021,1
YXG,2/22/2021,1
ISU,2/22/2021,1
UGCD,2/22/2021,1
WKHJ,2/22/2021,1
NFK,2/22/2021,1
FDU,2/22/2021,1
KVT,2/22/2021,1
WIQ,2/22/2021,1
WU,2/22/2021,1
URFX,2/22/2021,1
QLCW,2/22/2021,1
QM,2/22/2021,1
SGH,2/22/2021,1
OEIU,2/22/2021,1
KTXN,2/22/2021,1
WDCL,2/22/2021,1
LN,2/22/2021,1
TKI,2/22/2021,1
FEER,2/22/2021,1
ZD,2/22/2021,1
XDIZ,2/22/2021,1
WNF,2/22/2021,1
AOWC,2/22/2021,1
EEWT,2/22/2021,1
XMGV,2/22/2021,1
DUW,2/22/2021,1
QMLR,2/22/2021,1
YEMF,2/22/2021,1
MSO,2/22/2021,1
OCTL,2/22/2021,1
MK,2/22/2021,1
CPUM,2/22/2021,1
HKJ,2/22/2021,1
FF,2/22/2021,1
SOLV,2/22/2021,1
KNDQ,2/22/2021,1
QFZM,2/22/2021,1
IYKY,2/22/2021,1
QJCQ,2/22/2021,1
ZF,2/22/2021,1
XNA,2/22/2021,1
AEQ,2/22/2021,1
QMG,2/22/2021,1
OCJ,2/22/2021,1
GDJ,2/22/2021,1
NJZ,2/22/2021,1
SJBT,2/22/2021,1
AOJA,2/22/2021,1
DHKQ,2/22/2021,1
HNC,2/22/2021,1
DUSH,2/22/2021,1
ZXKS,2/22/2021,1
VZPW,2/22/2021,1
ZU,2/22/2021,1
ZGAL,2/22/2021,1
UTVH,2/22/2021,1
HW,2/22/2021,1
ZY,2/22/2021,1
RATC,2/22/2021,1
ZMXD,2/22/2021,1
HD,2/22/2021,1
ZGIH,2/22/2021,1
NSF,2/22/2021,1
WRBW,2/22/2021,1
DOA,2/22/2021,1
UFM,2/22/2021,1
LFRB,2/22/2021,1
UPK,2/22/2021,1
MRM,2/22/2021,1
CDJM,2/22/2021,1
YI,2/22/2021,1
PKJL,2/22/2021,1
XEQ,2/22/2021,1
GZZ,2/22/2021,1
QNWQ,2/22/2021,1
JFE,2/22/2021,1
VVM,2/22/2021,1
JZQW,2/22/2021,1
II,2/22/2021,1
YH,2/22/2021,1
CKI,2/22/2021,1
DYF,2/22/2021,1
WDEL,2/22/2021,1
WOVZ,2/22/2021,1
ZZSS,2/22/2021,1
AQED,2/22/2021,1
TYE,2/22/2021,1
TJBG,2/22/2021,1
IGW,2/22/2021,1
DOH,2/22/2021,1
TCX,2/22/2021,1
HVK,2/22/2021,1
OGIM,2/22/2021,1
UWS,2/22/2021,1
MHWN,2/22/2021,1
ZDL,2/22/2021,1
FSAW,2/22/2021,1
ACOL,2/22/2021,1
BKRP,2/22/2021,1
CWJ,2/22/2021,1
YRWG,2/22/2021,1
WEM,2/22/2021,1
SYKI,2/22/2021,1
LTE,2/22/2021,1
BYK,2/22/2021,1
OBBZ,2/22/2021,1
KY,2/22/2021,1
WG,2/22/2021,1
QDXZ,2/22/2021,1
HSHW,2/22/2021,1
EUD,2/22/2021,1
ZCU,2/22/2021,1
AKY,2/22/2021,1
EIQZ,2/22/2021,1
HHDJ,2/22/2021,1
TF,2/22/2021,1
BDR,2/22/2021,1
MSD,2/22/2021,1
DAIM,2/22/2021,1
ZTMM,2/22/2021,1
KMPQ,2/22/2021,1
DQ,2/22/2021,1
TY,2/22/2021,1
CVGR,2/22/2021,1
MGJF,2/22/2021,1
PXIC,2/22/2021,1
RJMU,2/22/2021,1
FJJZ,2/22/2021,1
VAC,2/22/2021,1
DP,2/22/2021,1
HGRH,2/22/2021,1
LDN,2/22/2021,1
NX,2/22/2021,1
LQK,2/22/2021,1
DC,2/22/2021,1
RGP,2/22/2021,1
PD,2/22/2021,1
RRTE,2/22/2021,1
AFDY,2/22/2021,1
DCA,2/22/2021,1
RFTY,2/22/2021,1
ECWG,2/22/2021,1
XZ,2/22/2021,1
EYNN,2/22/2021,1
AUDQ,2/22/2021,1
RUBL,2/22/2021,1
ZQG,2/22/2021,1
AUJ,2/22/2021,1
APTW,2/22/2021,1
USJ,2/22/2021,1
PH,2/22/2021,1
KGGA,2/22/2021,1
VIUJ,2/22/2021,1
VTL,2/22/2021,1
KXXV,2/22/2021,1
CXV,2/22/2021,1
MVEF,2/22/2021,1
JQPD,2/22/2021,1
AFOU,2/22/2021,1
CG,2/22/2021,1
YZE,2/22/2021,1
ME,2/22/2021,1
WSIP,2/22/2021,1
LVW,2/22/2021,1
VOYA,2/22/2021,1
FFCE,2/22/2021,1
CI,2/22/2021,1
ZHPK,2/22/2021,1
QRC,2/22/2021,1
VSBE,2/22/2021,1
SNEL,2/22/2021,1
MSDZ,2/22/2021,1
JTWT,2/22/2021,1
TRHM,2/22/2021,1
FBTK,2/22/2021,1
YGB,2/22/2021,1
RAGX,2/22/2021,1
RME,2/22/2021,1
RE,2/22/2021,1
QZ,2/22/2021,1
XYN,2/22/2021,1
FEWA,2/22/2021,1
MC,2/22/2021,1
FZP,2/22/2021,1
PRD,2/22/2021,1
YNWH,2/22/2021,1
DWFM,2/22/2021,1
ABTJ,2/22/2021,1
ZKRJ,2/22/2021,1
KX,2/22/2021,1
HLL,2/22/2021,1
CZU,2/22/2021,1
MY,2/22/2021,1
XMPI,2/22/2021,1
GA,2/22/2021,1
FHT,2/22/2021,1
NVY,2/22/2021,1
ZOT,2/22/2021,1
IYC,2/22/2021,1
AFF,2/22/2021,1
HJNF,2/22/2021,1
BBBE,2/22/2021,1
ANK,2/22/2021,1
YOST,2/22/2021,1
QJSC,2/22/2021,1
FNE,2/22/2021,1
ZVZ,2/22/2021,1
BWJ,2/22/2021,1
AKVH,2/22/2021,1
EM,2/22/2021,1
LQQ,2/22/2021,1
TPF,2/22/2021,1
ZNPW,2/22/2021,1
JTQF,2/22/2021,1
BVPS,2/22/2021,1
IOU,2/22/2021,1
PMN,2/22/2021,1
WX,2/22/2021,1
SJA,2/22/2021,1
JQF,2/22/2021,1
IR,2/22/2021,1
RGH,2/22/2021,1
RGQ,2/22/2021,1
QNEM,2/22/2021,1
YAA,2/22/2021,1
LVR,2/22/2021,1
UXS,2/22/2021,1
LIKD,2/22/2021,1
TXK,2/22/2021,1
QXIC,2/22/2021,1
MDI,2/22/2021,1
LGL,2/22/2021,1
SIXL,2/22/2021,1
IYR,2/22/2021,1
JPTN,2/22/2021,1
JRX,2/22/2021,1
ZZHZ,2/22/2021,1
JSI,2/22/2021,1
SZW,2/22/2021,1
SDG,2/22/2021,1
GAZ,2/22/2021,1
HMC,2/22/2021,1
VKG,2/22/2021,1
CRK,2/22/2021,1
NWF,2/22/2021,1
NRH,2/22/2021,1
CSEI,2/22/2021,1
KTYT,2/22/2021,1
PQR,2/22/2021,1
HNX,2/22/2021,1
WNP,2/22/2021,1
LC,2/22/2021,1
WPE,2/22/2021,1
VRJ,2/22/2021,1
URGF,2/22/2021,1
GQO,2/22/2021,1
VGM,2/22/2021,1
OLM,2/22/2021,1
NNO,2/22/2021,1
UUKA,2/22/2021,1
FYI,2/22/2021,1
IDBO,2/22/2021,1
CSMU,2/22/2021,1
TMWW,2/22/2021,1
BYQ,2/22/2021,1
CWM,2/22/2021,1
AQQX,2/22/2021,1
QAON,2/22/2021,1
SSOC,2/22/2021,1
DHX,2/22/2021,1
SW,2/22/2021,1
FDRC,2/22/2021,1
AWSL,2/22/2021,1
TMCL,2/22/2021,1
GZLP,2/22/2021,1
FL,2/22/2021,1
QO,2/22/2021,1
XHJ,2/22/2021,1
TFJ,2/22/2021,1
ALBB,2/22/2021,1
HVH,2/22/2021,1
QCBX,2/22/2021,1
LTB,2/22/2021,1
WHRO,2/22/2021,1
MB,2/22/2021,1
HLE,2/22/2021,1
FYV,2/22/2021,1
PTBW,2/22/2021,1
WJTS,2/22/2021,1
JXCD,2/22/2021,1
RUU,2/22/2021,1
YZQH,2/22/2021,1
VY,2/22/2021,1
U,2/22/2021,1
MJV,2/22/2021,1
ALHQ,2/22/2021,1
WBW,2/22/2021,1
CRTA,2/22/2021,1
YUD,2/22/2021,1
FXRP,2/22/2021,1
LWIH,2/22/2021,1
BMCM,2/22/2021,1
VNIX,2/22/2021,1
QFT,2/22/2021,1
MFU,2/22/2021,1
SFAA,2/22/2021,1
YKHU,2/22/2021,1
NEUT,2/22/2021,1
LJTX,2/22/2021,1
ZUM,2/22/2021,1
DCLA,2/22/2021,1
ECKH,2/22/2021,1
RKVJ,2/22/2021,1
PHM,2/22/2021,1
GDM,2/22/2021,1
MUGD,2/22/2021,1
HCOS,2/22/2021,1
VM,2/22/2021,1
XDT,2/22/2021,1
QHVH,2/22/2021,1
DBM,2/22/2021,1
NZUI,2/22/2021,1
SD,2/22/2021,1
NPEJ,2/22/2021,1
SCW,2/22/2021,1
TDPZ,2/22/2021,1
YGET,2/22/2021,1
MO,2/22/2021,1
RYZP,2/22/2021,1
EKBE,2/22/2021,1
CAI,2/22/2021,1
LT,2/22/2021,1
GJ,2/22/2021,1
FR,2/22/2021,1
LDG,2/22/2021,1
IEW,2/22/2021,1
OENV,2/22/2021,1
RKE,2/22/2021,1
WVEG,2/22/2021,1
YLF,2/22/2021,1
HCU,2/22/2021,1
SF,2/22/2021,1
MLDA,2/22/2021,1
RTB,2/22/2021,1
YGE,2/22/2021,1
DMT,2/22/2021,1
FUCI,2/22/2021,1
WZJ,2/22/2021,1
RUZK,2/22/2021,1
VJVF,2/22/2021,1
ACVH,2/22/2021,1
NVU,2/22/2021,1
TJT,2/22/2021,1
JGI,2/22/2021,1
JX,2/22/2021,1
IQPM,2/22/2021,1
COWY,2/22/2021,1
VRVO,2/22/2021,1
ZQPD,2/22/2021,1
DF,2/22/2021,1
JTDF,2/22/2021,1
UWLG,2/22/2021,1
JOKC,2/22/2021,1
PKW,2/22/2021,1
BHPS,2/22/2021,1
OEU,2/22/2021,1
Q,2/22/2021,1
MUJA,2/22/2021,1
DTT,2/22/2021,1
GJG,2/22/2021,1
UIFR,2/22/2021,1
KKW,2/22/2021,1
JYSA,2/22/2021,1
HTTK,2/22/2021,1
RLL,2/22/2021,1
VNW,2/22/2021,1
ETDR,2/22/2021,1
PWEC,2/22/2021,1
WQNZ,2/22/2021,1
CHFX,2/22/2021,1
YUB,2/22/2021,1
AMKM,2/22/2021,1
LKOS,2/22/2021,1
MW,2/22/2021,1
KOJK,2/22/2021,1
YKD,2/22/2021,1
QLDG,2/22/2021,1
BRFM,2/22/2021,1
ZKHG,2/22/2021,1
BBXM,2/22/2021,1
KHFT,2/22/2021,1
CCJH,2/22/2021,1
EGVL,2/22/2021,1
FGQ,2/22/2021,1
EZRS,2/22/2021,1
LMQ,2/22/2021,1
HXO,2/22/2021,1
ULF,2/22/2021,1
XD,2/22/2021,1
QLOY,2/22/2021,1
NS,2/22/2021,1
GOYI,2/22/2021,1
EPA,2/22/2021,1
YHF,2/22/2021,1
JNQ,2/22/2021,1
EJY,2/22/2021,1
DYV,2/22/2021,1
IMA,2/22/2021,1
CAOZ,2/22/2021,1
YUI,2/22/2021,1
GQGV,2/22/2021,1
RDK,2/22/2021,1
OWNA,2/22/2021,1
WYWL,2/22/2021,1
DJC,2/22/2021,1
OOU,2/22/2021,1
RHCK,2/22/2021,1
HJL,2/22/2021,1
YZ,2/22/2021,1
XG,2/22/2021,1
FOBY,2/22/2021,1
GFF,2/22/2021,1
UDXU,2/22/2021,1
HTZ,2/22/2021,1
FQ,2/22/2021,1
KEA,2/22/2021,1
UZFX,2/22/2021,1
OS,2/22/2021,1
OTL,2/22/2021,1
CZA,2/22/2021,1
EOND,2/22/2021,1
NJO,2/22/2021,1
KUS,2/22/2021,1
RRTO,2/22/2021,1
DBS,2/22/2021,1
XEWG,2/22/2021,1
VF,2/22/2021,1
PQ,2/22/2021,1
CNOI,2/22/2021,1
AG,2/22/2021,1
LJD,2/22/2021,1
YRGZ,2/22/2021,1
WZTN,2/22/2021,1
CIH,2/22/2021,1
A,2/22/2021,1
KOEY,2/22/2021,1
OYF,2/22/2021,1
IQU,2/22/2021,1
YLYP,2/22/2021,1
VGV,2/22/2021,1
SEI,2/22/2021,1
SWS,2/22/2021,1
CWS,2/22/2021,1
HGA,2/22/2021,1
WPL,2/22/2021,1
HCWJ,2/22/2021,1
NTY,2/22/2021,1
THC,2/22/2021,1
CEZ,2/22/2021,1
CWG,2/22/2021,1
MSE,2/22/2021,1
SQK,2/22/2021,1
UPKU,2/22/2021,1
YP,2/22/2021,1
CQLR,2/22/2021,1
DLF,2/22/2021,1
TCW,2/22/2021,1
AU,2/22/2021,1
WJE,2/22/2021,1
ICZG,2/22/2021,1
ZTL,2/22/2021,1
SPCI,2/22/2021,1
KNXQ,2/22/2021,1
QSJ,2/22/2021,1
DDZ,2/22/2021,1
BLFH,2/22/2021,1
HFAB,2/22/2021,1
XNK,2/22/2021,1
LJI,2/22/2021,1
UH,2/22/2021,1
KLM,2/22/2021,1
AUCF,2/22/2021,1
WA,2/22/2021,1
PUSW,2/22/2021,1
JEL,2/22/2021,1
FYM,2/22/2021,1
BCFL,2/22/2021,1
DHV,2/22/2021,1
FZYK,2/22/2021,1
ZNG,2/22/2021,1
QWH,2/22/2021,1
EYQ,2/22/2021,1
ZDSJ,2/22/2021,1
MOT,2/22/2021,1
YSE,2/22/2021,1
RNP,2/22/2021,1
QXO,2/22/2021,1
LEV,2/22/2021,1
ZTMC,2/22/2021,1
NWP,2/22/2021,1
DJ,2/22/2021,1
MAPM,2/22/2021,1
NDMF,2/22/2021,1
AIX,2/22/2021,1
AGGE,2/22/2021,1
JUK,2/22/2021,1
SSRJ,2/22/2021,1
FXK,2/22/2021,1
BS,2/22/2021,1
IMSE,2/22/2021,1
YXJ,2/22/2021,1
OY,2/22/2021,1
JWZ,2/22/2021,1
COB,2/22/2021,1
BPI,2/22/2021,1
AZA,2/22/2021,1
LFTV,2/22/2021,1
GKZN,2/22/2021,1
EDK,2/22/2021,1
OSV,2/22/2021,1
WEMA,2/22/2021,1
GQI,2/22/2021,1
KEU,2/22/2021,1
YJRE,2/22/2021,1
MLN,2/22/2021,1
RDPN,2/22/2021,1
NCYQ,2/22/2021,1
LWL,2/22/2021,1
KJV,2/22/2021,1
UPOB,2/22/2021,1
LKLJ,2/22/2021,1
MPC,2/22/2021,1
IRAH,2/22/2021,1
JEFG,2/22/2021,1
NCM,2/22/2021,1
NDA,2/22/2021,1
AYB,2/22/2021,1
BWXG,2/22/2021,1
JZR,2/22/2021,1
ZGV,2/22/2021,1
DJPJ,2/22/2021,1
TZV,2/22/2021,1
FIEZ,2/22/2021,1
GI,2/22/2021,1
PKV,2/22/2021,1
SNWP,2/22/2021,1
RI,2/22/2021,1
TJC,2/22/2021,1
KMW,2/22/2021,1
REO,2/22/2021,1
CMV,2/22/2021,1
ZE,2/22/2021,1
NNV,2/22/2021,1
DG,2/22/2021,1
YMC,2/22/2021,1
FSTT,2/22/2021,1
IAS,2/22/2021,1
ALY,2/22/2021,1
CWV,2/22/2021,1
XZY,2/22/2021,1
PDI,2/22/2021,1
OF,2/22/2021,1
GMVG,2/22/2021,1
TOC,2/22/2021,1
HGNP,2/22/2021,1
QOT,2/22/2021,1
BPJR,2/22/2021,1
GQ,2/22/2021,1
PAXQ,2/22/2021,1
NYSR,2/22/2021,1
DSTP,2/22/2021,1
ASWM,2/22/2021,1
LGWE,2/22/2021,1
RV,2/22/2021,1
SE,2/22/2021,1
EMPC,2/22/2021,1
HTUR,2/22/2021,1
SC,2/22/2021,1
LD,2/22/2021,1
XHJP,2/22/2021,1
SEYS,2/22/2021,1
DXGH,2/22/2021,1
ONCD,2/22/2021,1
BAGC,2/22/2021,1
CPFW,2/22/2021,1
WGVE,2/22/2021,1
LYTG,2/22/2021,1
PO,2/22/2021,1
EKL,2/22/2021,1
CRB,2/22/2021,1
ZTRC,2/22/2021,1
VUJW,2/22/2021,1
MXUY,2/22/2021,1
PRS,2/22/2021,1
AAE,2/22/2021,1
BUW,2/22/2021,1
KDTY,2/22/2021,1
EIC,2/22/2021,1
XS,2/22/2021,1
CSF,2/22/2021,1
PLFU,2/22/2021,1
FBIH,2/22/2021,1
BWU,2/22/2021,1
SOD,2/22/2021,1
GXN,2/22/2021,1
YJK,2/22/2021,1
RPBZ,2/22/2021,1
AJIT,2/22/2021,1
HUC,2/22/2021,1
CFHH,2/22/2021,1
MFH,2/22/2021,1
LY,2/22/2021,1
RBS,2/22/2021,1
FVG,2/22/2021,1
ETIV,2/22/2021,1
WJ,2/22/2021,1
XAWZ,2/22/2021,1
OULS,2/22/2021,1
ELQB,2/22/2021,1
SJJ,2/22/2021,1
MINM,2/22/2021,1
ELAM,2/22/2021,1
ACKR,2/22/2021,1
MLUU,2/22/2021,1
ZNF,2/22/2021,1
TQX,2/22/2021,1
NVIO,2/22/2021,1
VULB,2/22/2021,1
VUAQ,2/22/2021,1
ZKWN,2/22/2021,1
ZGS,2/22/2021,1
DAQB,2/22/2021,1
NVBX,2/22/2021,1
AHX,2/22/2021,1
WBS,2/22/2021,1
FCVV,2/22/2021,1
WPQ,2/22/2021,1
IPHK,2/22/2021,1
TXZ,2/22/2021,1
AR,2/22/2021,1
KXAG,2/22/2021,1
NCBA,2/22/2021,1
LVYI,2/22/2021,1
BVK,2/22/2021,1
NVR,2/22/2021,1
RMG,2/22/2021,1
HDP,2/22/2021,1
YKJ,2/22/2021,1
WHV,2/22/2021,1
IG,2/22/2021,1
RPI,2/22/2021,1
IXTS,2/22/2021,1
XY,2/22/2021,1
LBHY,2/22/2021,1
SRN,2/22/2021,1
VACX,2/22/2021,1
PRR,2/22/2021,1
XNFM,2/22/2021,1
TOM,2/22/2021,1
HOG,2/22/2021,1
BSW,2/22/2021,1
BFU,2/22/2021,1
QW,2/22/2021,1
LDBF,2/22/2021,1
FGW,2/22/2021,1
UC,2/22/2021,1
CQRR,2/22/2021,1
BM,2/22/2021,1
AJU,2/22/2021,1
HAV,2/22/2021,1
RHN,2/22/2021,1
HU,2/22/2021,1
LYB,2/22/2021,1
XKPK,2/22/2021,1
OHB,2/22/2021,1
CAZ,2/22/2021,1
TYO,2/22/2021,1
UII,2/22/2021,1
FPWD,2/22/2021,1
PLS,2/22/2021,1
DDB,2/22/2021,1
HAKG,2/22/2021,1
GHQY,2/22/2021,1
LEA,2/22/2021,1
MRUI,2/22/2021,1
XGTZ,2/22/2021,1
VFKR,2/22/2021,1
FIFY,2/22/2021,1
TE,2/22/2021,1
PXVN,2/22/2021,1
EGB,2/22/2021,1
NI,2/22/2021,1
AGR,2/22/2021,1
RTST,2/22/2021,1
DRY,2/22/2021,1
KCGI,2/22/2021,1
TID,2/22/2021,1
HYAF,2/22/2021,1
JVE,2/22/2021,1
ZEPD,2/22/2021,1
GYSD,2/22/2021,1
TAV,2/22/2021,1
GN,2/22/2021,1
LB,2/22/2021,1
AFBI,2/22/2021,1
IWE,2/22/2021,1
ARMK,2/22/2021,1
SDY,2/22/2021,1
FC,2/22/2021,1
SKG,2/22/2021,1
YOXV,2/22/2021,1
MCM,2/22/2021,1
HZE,2/22/2021,1
FIR,2/22/2021,1
YC,2/22/2021,1
XHGS,2/22/2021,1
SQCB,2/22/2021,1
UY,2/22/2021,1
JHD,2/22/2021,1
SRQN,2/22/2021,1
MKTU,2/22/2021,1
BNL,2/22/2021,1
HGK,2/22/2021,1
GFS,2/22/2021,1
OPJE,2/22/2021,1
JIZW,2/22/2021,1
FS,2/22/2021,1
ZJIL,2/22/2021,1
CGMN,2/22/2021,1
LMH,2/22/2021,1
DDA,2/22/2021,1
YKT,2/22/2021,1
ANB,2/22/2021,1
D,2/22/2021,1
XDC,2/22/2021,1
XPB,2/22/2021,1
NXY,2/22/2021,1
GWT,2/22/2021,1
AP,2/22/2021,1
QAV,2/22/2021,1
ZLWD,2/22/2021,1
QXS,2/22/2021,1
FXMY,2/22/2021,1
GZKW,2/22/2021,1
LTUH,2/22/2021,1
WEPZ,2/22/2021,1
IJTP,2/22/2021,1
ST,2/22/2021,1
UUF,2/22/2021,1
CBOS,2/22/2021,1
CYI,2/22/2021,1
LMCN,2/22/2021,1
AK,2/22/2021,1
ERPT,2/22/2021,1
HQOE,2/22/2021,1
DNH,2/22/2021,1
XISN,2/22/2021,1
XIV,2/22/2021,1
CEV,2/22/2021,1
TTH,2/22/2021,1
HMEH,2/22/2021,1
OSE,2/22/2021,1
XSA,2/22/2021,1
IBE,2/22/2021,1
QEWK,2/22/2021,1
EOZ,2/22/2021,1
UAH,2/22/2021,1
DI,2/22/2021,1
SNAK,2/22/2021,1
IEZG,2/22/2021,1
RPA,2/22/2021,1
WQU,2/22/2021,1
XXX,2/22/2021,1
NNWM,2/22/2021,1
MRU,2/22/2021,1
JKHH,2/22/2021,1
NWZ,2/22/2021,1
MNG,2/22/2021,1
NLBA,2/22/2021,1
XJD,2/22/2021,1
CYE,2/22/2021,1
DB,2/22/2021,1
QGMX,2/22/2021,1
BKF,2/22/2021,1
UZB,2/22/2021,1
VYZS,2/22/2021,1
XPTO,2/22/2021,1
DNVJ,2/22/2021,1
RAF,2/22/2021,1
HZ,2/22/2021,1
FVFC,2/22/2021,1
WB,2/22/2021,1
MRWQ,2/22/2021,1
KSK,2/22/2021,1
WZOZ,2/22/2021,1
YSZ,2/22/2021,1
QXUU,2/22/2021,1
GS,2/22/2021,1
SSVR,2/22/2021,1
CQTZ,2/22/2021,1
MQ,2/22/2021,1
MWTE,2/22/2021,1
WVSI,2/22/2021,1
OJ,2/22/2021,1
GT,2/22/2021,1
VRKN,2/22/2021,1
OIA,2/22/2021,1
KWP,2/22/2021,1
HOER,2/22/2021,1
GQF,2/22/2021,1
QVBL,2/22/2021,1
IFT,2/22/2021,1
JTRT,2/22/2021,1
NPDI,2/22/2021,1
PHVK,2/22/2021,1
QNA,2/22/2021,1
YCKN,2/22/2021,1
VV,2/22/2021,1
POAD,2/22/2021,1
NQXR,2/22/2021,1
YDW,2/22/2021,1
PFZU,2/22/2021,1
JOL,2/22/2021,1
VEE,2/22/2021,1
JSG,2/22/2021,1
BNMX,2/22/2021,1
UWU,2/22/2021,1
PMF,2/22/2021,1
JZKT,2/22/2021,1
UADL,2/22/2021,1
IHE,2/22/2021,1
KOKM,2/22/2021,1
LRPU,2/22/2021,1
ZYQC,2/22/2021,1
GQR,2/22/2021,1
BSAC,2/22/2021,1
VHK,2/22/2021,1
RFAO,2/22/2021,1
YDE,2/22/2021,1
SKEC,2/22/2021,1
LZN,2/22/2021,1
ZZ,2/22/2021,1
YSOS,2/22/2021,1
TGI,2/22/2021,1
XQD,2/22/2021,1
BQX,2/22/2021,1
POHT,2/22/2021,1
BEXI,2/22/2021,1
VLE,2/22/2021,1
MMI,2/22/2021,1
MXK,2/22/2021,1
WL,2/22/2021,1
OC,2/22/2021,1
PYG,2/22/2021,1
GOSQ,2/22/2021,1
SHUB,2/22/2021,1
NUAF,2/22/2021,1
NRR,2/22/2021,1
LADA,2/22/2021,1
OBI,2/22/2021,1
ERH,2/22/2021,1
HURD,2/22/2021,1
UTQU,2/22/2021,1
XFHQ,2/22/2021,1
ZOF,2/22/2021,1
AGJ,2/22/2021,1
GJF,2/22/2021,1
UMST,2/22/2021,1
KZOZ,2/22/2021,1
TIY,2/22/2021,1
BMT,2/22/2021,1
EPB,2/22/2021,1
SGFB,2/22/2021,1
HBT,2/22/2021,1
XPGQ,2/22/2021,1
NPF,2/22/2021,1
TKE,2/22/2021,1
RNAV,2/22/2021,1
INJT,2/22/2021,1
AQWM,2/22/2021,1
AI,2/22/2021,1
HB,2/22/2021,1
ZSNM,2/22/2021,1
NSJ,2/22/2021,1
IE,2/22/2021,1
YQI,2/22/2021,1
FZW,2/22/2021,1
NZNI,2/22/2021,1
TKZV,2/22/2021,1
APHS,2/22/2021,1
VRBZ,2/22/2021,1
YFJW,2/22/2021,1
UQ,2/22/2021,1
IGFW,2/22/2021,1
QVUG,2/22/2021,1
GKOW,2/22/2021,1
PWC,2/22/2021,1
PTD,2/22/2021,1
AGB,2/22/2021,1
HOYK,2/22/2021,1
OQ,2/22/2021,1
ADN,2/22/2021,1
UKP,2/22/2021,1
DWEH,2/22/2021,1
UUI,2/22/2021,1
PLVG,2/22/2021,1
OINZ,2/22/2021,1
RTL,2/22/2021,1
ZBX,2/22/2021,1
LXK,2/22/2021,1
MHSX,2/22/2021,1
RYLT,2/22/2021,1
WE,2/22/2021,1
ZIIG,2/22/2021,1
TES,2/22/2021,1
VYQZ,2/22/2021,1
GDAA,2/22/2021,1
JND,2/22/2021,1
HZG,2/22/2021,1
MM,2/22/2021,1
KMN,2/22/2021,1
TX,2/22/2021,1
CY,2/22/2021,1
YULE,2/22/2021,1
TG,2/22/2021,1
NUPQ,2/22/2021,1
HTR,2/22/2021,1
SBJQ,2/22/2021,1
DAJN,2/22/2021,1
KFD,2/22/2021,1
JR,2/22/2021,1
YGZZ,2/22/2021,1
KGWO,2/22/2021,1
MH,2/22/2021,1
YB,2/22/2021,1
BG,2/22/2021,1
XIYP,2/22/2021,1
OP,2/22/2021,1
IISQ,2/22/2021,1
XEWQ,2/22/2021,1
SRWI,2/22/2021,1
ELWI,2/22/2021,1
VGWH,2/22/2021,1
WK,2/22/2021,1
VQD,2/22/2021,1
JPBA,2/22/2021,1
QUU,2/22/2021,1
GUZ,2/22/2021,1
AHZI,2/22/2021,1
BX,2/22/2021,1
CHYC,2/22/2021,1
WXIJ,2/22/2021,1
XP,2/22/2021,1
KGDH,2/22/2021,1
AXJJ,2/22/2021,1
DUTJ,2/22/2021,1
NEJ,2/22/2021,1
RBH,2/22/2021,1
YHH,2/22/2021,1
MWIC,2/22/2021,1
DDAL,2/22/2021,1
XPQW,2/22/2021,1
HFI,2/22/2021,1
QHME,2/22/2021,1
PYBW,2/22/2021,1
NOWW,2/22/2021,1
ATMM,2/22/2021,1
QGFT,2/22/2021,1
YGBT,2/22/2021,1
HXXW,2/22/2021,1
FH,2/22/2021,1
SSJ,2/22/2021,1
PIO,2/22/2021,1
DEKX,2/22/2021,1
FT,2/22/2021,1
RLMV,2/22/2021,1
YEB,2/22/2021,1
LVS,2/22/2021,1
CDR,2/22/2021,1
CP,2/22/2021,1
HJDO,2/22/2021,1
JGA,2/22/2021,1
TMFJ,2/22/2021,1
PYSF,2/22/2021,1
MEN,2/22/2021,1
NUPA,2/22/2021,1
PUGK,2/22/2021,1
BIGY,2/22/2021,1
GDOI,2/22/2021,1
KNX,2/22/2021,1
TBV,2/22/2021,1
NV,2/22/2021,1
TJX,2/22/2021,1
CEP,2/22/2021,1
CLH,2/22/2021,1
CEWA,2/22/2021,1
WOOA,2/22/2021,1
GTKZ,2/22/2021,1
IHY,2/22/2021,1
OTQX,2/22/2021,1
UHE,2/22/2021,1
MCO,2/22/2021,1
NUN,2/22/2021,1
UTI,2/22/2021,1
FNMB,2/22/2021,1
FMB,2/22/2021,1
KXRN,2/22/2021,1
ZVOD,2/22/2021,1
FUA,2/22/2021,1
XXTH,2/22/2021,1
VWP,2/22/2021,1
ORSY,2/22/2021,1
BWY,2/22/2021,1
PCQO,2/22/2021,1
OICS,2/22/2021,1
NOFO,2/22/2021,1
QAY,2/22/2021,1
OCYY,2/22/2021,1
IHZX,2/22/2021,1
ORT,2/22/2021,1
AB,2/22/2021,1
RBT,2/22/2021,1
NLHZ,2/22/2021,1
SJDU,2/22/2021,1
HGB,2/22/2021,1
YZPR,2/22/2021,1
HJ,2/22/2021,1
PNDJ,2/22/2021,1
UXOU,2/22/2021,1
QXXI,2/22/2021,1
OW,2/22/2021,1
WHQX,2/22/2021,1
TPZ,2/22/2021,1
XJQ,2/22/2021,1
MDBO,2/22/2021,1
IJNE,2/22/2021,1
DQQ,2/22/2021,1
TWBO,2/22/2021,1
NIDA,2/22/2021,1
OWBZ,2/22/2021,1
JUX,2/22/2021,1
SVH,2/22/2021,1
TIMC,2/22/2021,1
AGNL,2/22/2021,1
SDA,2/22/2021,1
EECK,2/22/2021,1
VICQ,2/22/2021,1
XTBZ,2/22/2021,1
ZASU,2/22/2021,1
DJX,2/22/2021,1
MXD,2/22/2021,1
NVD,2/22/2021,1
NNVC,2/22/2021,1
DFK,2/22/2021,1
IQQ,2/22/2021,1
SOOW,2/22/2021,1
GICX,2/22/2021,1
USKF,2/22/2021,1
LUL,2/22/2021,1
RP,2/22/2021,1
HFU,2/22/2021,1
QTE,2/22/2021,1
LUC,2/22/2021,1
QOH,2/22/2021,1
MRZK,2/22/2021,1
KGDD,2/22/2021,1
LAR,2/22/2021,1
PFEH,2/22/2021,1
DHD,2/22/2021,1
FYG,2/22/2021,1
FFY,2/22/2021,1
OLK,2/22/2021,1
ZT,2/22/2021,1
DJAV,2/22/2021,1
ZV,2/22/2021,1
UFP,2/22/2021,1
JNT,2/22/2021,1
KBRU,2/22/2021,1
OMY,2/22/2021,1
MDH,2/22/2021,1
EXJ,2/22/2021,1
BLH,2/22/2021,1
IFL,2/22/2021,1
HAZ,2/22/2021,1
QH,2/22/2021,1
RHSM,2/22/2021,1
ASRO,2/22/2021,1
LTYD,2/22/2021,1
ZJKI,2/22/2021,1
EBG,2/22/2021,1
AAV,2/22/2021,1
DZIR,2/22/2021,1
FFM,2/22/2021,1
ZNJY,2/22/2021,1
ZIC,2/22/2021,1
XXH,2/22/2021,1
DEU,2/22/2021,1
LZ,2/22/2021,1
KIX,2/22/2021,1
MUC,2/22/2021,1
JK,2/22/2021,1
DDG,2/22/2021,1
FZ,2/22/2021,1
FKU,2/22/2021,1
PROG,2/22/2021,1
HZX,2/22/2021,1
SH,2/22/2021,1
HYDX,2/22/2021,1
LAT,2/22/2021,1
ZSL,2/22/2021,1
QKER,2/22/2021,1
AUV,2/22/2021,1
VCU,2/22/2021,1
QUEJ,2/22/2021,1
QFL,2/22/2021,1
GZN,2/22/2021,1
UV,2/22/2021,1
LVUP,2/22/2021,1
UFNM,2/22/2021,1
WRHH,2/22/2021,1
RFJX,2/22/2021,1
FGKE,2/22/2021,1
GHCG,2/22/2021,1
SING,2/22/2021,1
DTW,2/22/2021,1
JYAF,2/22/2021,1
TISQ,2/22/2021,1
VR,2/22/2021,1
STFQ,2/22/2021,1
CMGM,2/22/2021,1
OMH,2/22/2021,1
IPKS,2/22/2021,1
PN,2/22/2021,1
EAIF,2/22/2021,1
LER,2/22/2021,1
LYYE,2/22/2021,1
OVH,2/22/2021,1
ZGEE,2/22/2021,1
KLJV,2/22/2021,1
NJNG,2/22/2021,1
VU,2/22/2021,1
DPB,2/22/2021,1
PBZ,2/22/2021,1
NO,2/22/2021,1
XKNF,2/22/2021,1
BJTJ,2/22/2021,1
W,2/22/2021,1
NFP,2/22/2021,1
WQYS,2/22/2021,1
NJX,2/22/2021,1
CT,2/22/2021,1
LRLS,2/22/2021,1
XWNJ,2/22/2021,1
TIAE,2/22/2021,1
KI,2/22/2021,1
KPC,2/22/2021,1
JDKE,2/22/2021,1
LLW,2/22/2021,1
AX,2/22/2021,1
ZSJY,2/22/2021,1
VKYP,2/22/2021,1
BVL,2/22/2021,1
JPZ,2/22/2021,1
JIH,2/22/2021,1
HXGA,2/22/2021,1
VE,2/22/2021,1
WYL,2/22/2021,1
TP,2/22/2021,1
SSRL,2/22/2021,1
AW,2/22/2021,1
YBV,2/22/2021,1
QAO,2/22/2021,1
RPRM,2/22/2021,1
YCC,2/22/2021,1
XIDS,2/22/2021,1
NF,2/22/2021,1
MWF,2/22/2021,1
GYU,2/22/2021,1
OU,2/22/2021,1
AGBX,2/22/2021,1
QYD,2/22/2021,1
FEVK,2/22/2021,1
KFI,2/22/2021,1
TZ,2/22/2021,1
LLV,2/22/2021,1
RBCW,2/22/2021,1
WOA,2/22/2021,1
JH,2/22/2021,1
COHA,2/22/2021,1
DOXP,2/22/2021,1
JIV,2/22/2021,1
DNXU,2/22/2021,1
JOUZ,2/22/2021,1
IF,2/22/2021,1
NXC,2/22/2021,1
CGFW,2/22/2021,1
EER,2/22/2021,1
LOYG,2/22/2021,1
SJ,2/22/2021,1
AIH,2/22/2021,1
ZRWA,2/22/2021,1
BHKZ,2/22/2021,1
VFQ,2/22/2021,1
UP,2/22/2021,1
DIZ,2/22/2021,1
EW,2/22/2021,1
WCEK,2/22/2021,1
DO,2/22/2021,1
MZSS,2/22/2021,1
PCEL,2/22/2021,1
DXR,2/22/2021,1
ZQXE,2/22/2021,1
ZCX,2/22/2021,1
KWX,2/22/2021,1
RJI,2/22/2021,1
XAAD,2/22/2021,1
OQSC,2/22/2021,1
KUTM,2/22/2021,1
IDP,2/22/2021,1
QJXO,2/22/2021,1
PZV,2/22/2021,1
PZFC,2/22/2021,1
VHT,2/22/2021,1
WJUN,2/22/2021,1
LA,2/22/2021,1
VJ,2/22/2021,1
MLBK,2/22/2021,1
HJWJ,2/22/2021,1
TLW,2/22/2021,1
MGI,2/22/2021,1
RPS,2/22/2021,1
UOU,2/22/2021,1
XPQ,2/22/2021,1
ORQL,2/22/2021,1
FE,2/22/2021,1
FBY,2/22/2021,1
KDZX,2/22/2021,1
PSHA,2/22/2021,1
ALKU,2/22/2021,1
AWC,2/22/2021,1
FDE,2/22/2021,1
TOP,2/22/2021,1
VGGO,2/22/2021,1
PUKW,2/22/2021,1
CO,2/22/2021,1
SVHK,2/22/2021,1
SX,2/22/2021,1
JE,2/22/2021,1
EULC,2/22/2021,1
ERVD,2/22/2021,1
LRT,2/22/2021,1
IGCP,2/22/2021,1
RAJZ,2/22/2021,1
PEX,2/22/2021,1
IVM,2/22/2021,1
QVZN,2/22/2021,1
OBLO,2/22/2021,1
BNG,2/22/2021,1
ZHZ,2/22/2021,1
LNB,2/22/2021,1
MQF,2/22/2021,1
HCZX,2/22/2021,1
PCB,2/22/2021,1
TOTG,2/22/2021,1
GOA,2/22/2021,1
VLUM,2/22/2021,1
GJGO,2/22/2021,1
OT,2/22/2021,1
TXV,2/22/2021,1
GU,2/22/2021,1
FOS,2/22/2021,1
MCMR,2/22/2021,1
KRWP,2/22/2021,1
JEQ,2/22/2021,1
HK,2/22/2021,1
WOD,2/22/2021,1
WQAY,2/22/2021,1
PPO,2/22/2021,1
TV,2/22/2021,1
YM,2/22/2021,1
MYQ,2/22/2021,1
MGP,2/22/2021,1
MIT,2/22/2021,1
PJA,2/22/2021,1
THTR,2/22/2021,1
TUPG,2/22/2021,1
RVNA,2/22/2021,1
GZVC,2/22/2021,1
NNKU,2/22/2021,1
KHCO,2/22/2021,1
OXV,2/22/2021,1
EGOH,2/22/2021,1
MRA,2/22/2021,1
XIIL,2/22/2021,1
MRAQ,2/22/2021,1
HI,2/22/2021,1
PI,2/22/2021,1
PKP,2/22/2021,1
DHB,2/22/2021,1
BCCA,2/22/2021,1
JYJ,2/22/2021,1
MBEA,2/22/2021,1
KBKO,2/22/2021,1
JMP,2/22/2021,1
NBIB,2/22/2021,1
GHA,2/22/2021,1
IKSH,2/22/2021,1
XYTM,2/22/2021,1
PORL,2/22/2021,1
FP,2/22/2021,1
YWJJ,2/22/2021,1
EI,2/22/2021,1
UMC,2/22/2021,1
WBQ,2/22/2021,1
OSM,2/22/2021,1
SJL,2/22/2021,1
NQLX,2/22/2021,1
EFB,2/22/2021,1
AAWB,2/22/2021,1
ICZL,2/22/2021,1
SMXY,2/22/2021,1
ZSRG,2/22/2021,1
YUJL,2/22/2021,1
WY,2/22/2021,1
ZCL,2/22/2021,1
GSH,2/22/2021,1
YS,2/22/2021,1
LRS,2/22/2021,1
YRSC,2/22/2021,1
OLWA,2/22/2021,1
MYC,2/22/2021,1
RXAU,2/22/2021,1
CGIS,2/22/2021,1
TMX,2/22/2021,1
VUVQ,2/22/2021,1
UAQ,2/22/2021,1
GJNZ,2/22/2021,1
YAT,2/22/2021,1
DUOS,2/22/2021,1
YEH,2/22/2021,1
CGXT,2/22/2021,1
MXM,2/22/2021,1
TGCK,2/22/2021,1
YXJV,2/22/2021,1
XJMY,2/22/2021,1
WCQ,2/22/2021,1
AMH,2/22/2021,1
VWL,2/22/2021,1
YDG,2/22/2021,1
NVBW,2/22/2021,1
WAN,2/22/2021,1
QLC,2/22/2021,1
GG,2/22/2021,1
EP,2/22/2021,1
FDXY,2/22/2021,1
ZYLT,2/22/2021,1
MN,2/22/2021,1
GXO,2/22/2021,1
IHBX,2/22/2021,1
PX,2/22/2021,1
TOO,2/22/2021,1
QZW,2/22/2021,1
EWP,2/22/2021,1
MTWR,2/22/2021,1
YII,2/22/2021,1
SHCF,2/22/2021,1
PDSQ,2/22/2021,1
FPWO,2/22/2021,1
KKL,2/22/2021,1
HJS,2/22/2021,1
AIR,2/22/2021,1
EFQ,2/22/2021,1
EZBM,2/22/2021,1
ZDKX,2/22/2021,1
AFE,2/22/2021,1
WAX,2/22/2021,1
WAQ,2/22/2021,1
ZDFN,2/22/2021,1
YOK,2/22/2021,1
ZEAP,2/22/2021,1
GH,2/22/2021,1
AOGB,2/22/2021,1
TBU,2/22/2021,1
OFIX,2/22/2021,1
ACFN,2/22/2021,1
OMQE,2/22/2021,1
CTF,2/22/2021,1
DXQ,2/22/2021,1
LGR,2/22/2021,1
KH,2/22/2021,1
KZY,2/22/2021,1
BJO,2/22/2021,1
HJO,2/22/2021,1
SHC,2/22/2021,1
NQVG,2/22/2021,1
JKD,2/22/2021,1
HUNS,2/22/2021,1
HCEC,2/22/2021,1
EO,2/22/2021,1
QYUY,2/22/2021,1
FNQ,2/22/2021,1
KQ,2/22/2021,1
ADPX,2/22/2021,1
FMO,2/22/2021,1
JCQA,2/22/2021,1
QZU,2/22/2021,1
WMQ,2/22/2021,1
FCX,2/22/2021,1
BK,2/22/2021,1
CRY,2/22/2021,1
NP,2/22/2021,1
XHLG,2/22/2021,1
TKK,2/22/2021,1
EIN,2/22/2021,1
BDL,2/22/2021,1
OQV,2/22/2021,1
UOZ,2/22/2021,1
QQUV,2/22/2021,1
TK,2/22/2021,1
KQZ,2/22/2021,1
KTTQ,2/22/2021,1
DVC,2/22/2021,1
HG,2/22/2021,1
FGGG,2/22/2021,1
NNZ,2/22/2021,1
GBI,2/22/2021,1
QHL,2/22/2021,1
HELT,2/22/2021,1
OJI,2/22/2021,1
EZ,2/22/2021,1
DJZB,2/22/2021,1
QDA,2/22/2021,1
YZU,2/22/2021,1
IEP,2/22/2021,1
NEUF,2/22/2021,1
IYK,2/22/2021,1
CFEP,2/22/2021,1
XRL,2/22/2021,1
RTE,2/22/2021,1
XANT,2/22/2021,1
VEAY,2/22/2021,1
VL,2/22/2021,1
VHBE,2/22/2021,1
TFK,2/22/2021,1
TJB,2/22/2021,1
QCXN,2/22/2021,1
SO,2/22/2021,1
TYGW,2/22/2021,1
GFCH,2/22/2021,1
GFOI,2/22/2021,1
DJDC,2/22/2021,1
LTW,2/22/2021,1
OEI,2/22/2021,1
OIOW,2/22/2021,1
YCU,2/22/2021,1
HJK,2/22/2021,1
ZNB,2/22/2021,1
XYO,2/22/2021,1
JMTG,2/22/2021,1
NOHT,2/22/2021,1
FLPH,2/22/2021,1
GNB,2/22/2021,1
OD,2/22/2021,1
EAKZ,2/22/2021,1
WXVL,2/22/2021,1
UZEN,2/22/2021,1
RUVX,2/22/2021,1
NVZJ,2/22/2021,1
KXDI,2/22/2021,1
HLKT,2/22/2021,1
VJRK,2/22/2021,1
ZH,2/22/2021,1
SECO,2/22/2021,1
UQJK,2/22/2021,1
VLIM,2/22/2021,1
HXI,2/22/2021,1
HERQ,2/22/2021,1
LZFH,2/22/2021,1
YYV,2/22/2021,1
SXL,2/22/2021,1
NENR,2/22/2021,1
GV,2/22/2021,1
UKZF,2/22/2021,1
CFV,2/22/2021,1
SODU,2/22/2021,1
ZSI,2/22/2021,1
OTS,2/22/2021,1
RDA,2/22/2021,1
ND,2/22/2021,1
HKY,2/22/2021,1
EXU,2/22/2021,1
QDVC,2/22/2021,1
XAVF,2/22/2021,1
KTJA,2/22/2021,1
XO,2/22/2021,1
KO,2/22/2021,1
LDHB,2/22/2021,1
GCC,2/22/2021,1
EFJG,2/22/2021,1
SENA,2/22/2021,1
JUHV,2/22/2021,1
FMP,2/22/2021,1
ALKZ,2/22/2021,1
ONXA,2/22/2021,1
XCZN,2/22/2021,1
PB,2/22/2021,1
WXV,2/22/2021,1
JBV,2/22/2021,1
PQQU,2/22/2021,1
M,2/22/2021,1
IUG,2/22/2021,1
DMA,2/22/2021,1
GUO,2/22/2021,1
QRY,2/22/2021,1
ENP,2/22/2021,1
YYYA,2/22/2021,1
K,2/22/2021,1
QY,2/22/2021,1
QLJE,2/22/2021,1
JPP,2/22/2021,1
XMT,2/22/2021,1
GK,2/22/2021,1
RFO,2/22/2021,1
NPBL,2/22/2021,1
OWN,2/22/2021,1
OMTU,2/22/2021,1
NJE,2/22/2021,1
NQSW,2/22/2021,1
EKT,2/22/2021,1
FX,2/22/2021,1
AOE,2/22/2021,1
LFAU,2/22/2021,1
WIBA,2/22/2021,1
PPNE,2/22/2021,1
RCN,2/22/2021,1
UGEU,2/22/2021,1
HFR,2/22/2021,1
QTYU,2/22/2021,1
QT,2/22/2021,1
CXRH,2/22/2021,1
STNI,2/22/2021,1
EHG,2/22/2021,1
YHW,2/22/2021,1
KXVM,2/22/2021,1
ZXV,2/22/2021,1
IMN,2/22/2021,1
NUVU,2/22/2021,1
NSJX,2/22/2021,1
HPJ,2/22/2021,1
FGO,2/22/2021,1
JOCE,2/22/2021,1
YKBI,2/22/2021,1
JTAS,2/22/2021,1
OXA,2/22/2021,1
GFU,2/22/2021,1
XAXO,2/22/2021,1
PET,2/22/2021,1
BFY,2/22/2021,1
SJD,2/22/2021,1
QZZY,2/22/2021,1
SOM,2/22/2021,1
VYWI,2/22/2021,1
UEO,2/22/2021,1
QHB,2/22/2021,1
DHXD,2/22/2021,1
IPAM,2/22/2021,1
MEUQ,2/22/2021,1
MUM,2/22/2021,1
HHH,2/22/2021,1
GQTG,2/22/2021,1
RH,2/22/2021,1
IFJ,2/22/2021,1
UAW,2/22/2021,1
RRZM,2/22/2021,1
ZLMR,2/22/2021,1
ZUCB,2/22/2021,1
ZLKS,2/22/2021,1
FVVJ,2/22/2021,1
ZJYI,2/22/2021,1
BY,2/22/2021,1
QVH,2/22/2021,1
ETY,2/22/2021,1
GJMJ,2/22/2021,1
NKEC,2/22/2021,1
EVGC,2/22/2021,1
LDUG,2/22/2021,1
DGH,2/22/2021,1
SZUO,2/22/2021,1
XDB,2/22/2021,1
RXTB,2/22/2021,1
JYR,2/22/2021,1
ICMX,2/22/2021,1
GLW,2/22/2021,1
RPO,2/22/2021,1
BA,2/22/2021,1
VIQE,2/22/2021,1
SYDR,2/22/2021,1
QKQ,2/22/2021,1
NZNC,2/22/2021,1
QE,2/22/2021,1
XBZ,2/22/2021,1
DYZ,2/22/2021,1
TGC,2/22/2021,1
DN,2/22/2021,1
GVPN,2/22/2021,1
X,2/22/2021,1
HBY,2/22/2021,1
FZT,2/22/2021,1
OZIX,2/22/2021,1
DNLU,2/22/2021,1
CLQ,2/22/2021,1
PDFW,2/22/2021,1
BR,2/22/2021,1
DY,2/22/2021,1
TWK,2/22/2021,1
HUS,2/22/2021,1
ZTF,2/22/2021,1
FLH,2/22/2021,1
OHS,2/22/2021,1
FNG,2/22/2021,1
XEYS,2/22/2021,1
SXOT,2/22/2021,1
FKKF,2/22/2021,1
ZAZ,2/22/2021,1
CFKC,2/22/2021,1
ZFQD,2/22/2021,1
JUFQ,2/22/2021,1
QZIY,2/22/2021,1
IUHY,2/22/2021,1
VSJS,2/22/2021,1
QP,2/22/2021,1
AIC,2/22/2021,1
SZZ,2/22/2021,1
AKC,2/22/2021,1
SPL,2/22/2021,1
AMBR,2/22/2021,1
SM,2/22/2021,1
ZOPN,2/22/2021,1
XBEA,2/22/2021,1
EBKW,2/22/2021,1
NHS,2/22/2021,1
DYBK,2/22/2021,1
UYC,2/22/2021,1
YY,2/22/2021,1
OMN,2/22/2021,1
FOE,2/22/2021,1
DIX,2/22/2021,1
RCC,2/22/2021,1
YABF,2/22/2021,1
PEH,2/22/2021,1
MKS,2/22/2021,1
LK,2/22/2021,1
UG,2/22/2021,1
FXW,2/22/2021,1
ZIY,2/22/2021,1
SN,2/22/2021,1
EQIM,2/22/2021,1
QVY,2/22/2021,1
PLD,2/22/2021,1
LUKP,2/22/2021,1
GGF,2/22/2021,1
PDRK,2/22/2021,1
NEID,2/22/2021,1
DK,2/22/2021,1
HPIA,2/22/2021,1
QRX,2/22/2021,1
XNAP,2/22/2021,1
TWKW,2/22/2021,1
FXH,2/22/2021,1
ZJM,2/22/2021,1
SOPV,2/22/2021,1
QOER,2/22/2021,1
IPI,2/22/2021,1
WMWO,2/22/2021,1
CPE,2/22/2021,1
NB,2/22/2021,1
PAGR,2/22/2021,1
JTL,2/22/2021,1
TSML,2/22/2021,1
WOEP,2/22/2021,1
DV,2/22/2021,1
SOT,2/22/2021,1
UZ,2/22/2021,1
ZAOB,2/22/2021,1
MQCR,2/22/2021,1
MMX,2/22/2021,1
PAN,2/22/2021,1
QNW,2/22/2021,1
QRF,2/22/2021,1
HPK,2/22/2021,1
LRX,2/22/2021,1
WICG,2/22/2021,1
PS,2/22/2021,1
BULY,2/22/2021,1
ULSJ,2/22/2021,1
ELOD,2/22/2021,1
SWXO,2/22/2021,1
RBJ,2/22/2021,1
CMNO,2/22/2021,1
YDXL,2/22/2021,1
FHP,2/22/2021,1
UUP,2/22/2021,1
LCIY,2/22/2021,1
FHGQ,2/22/2021,1
IGMH,2/22/2021,1
HJJ,2/22/2021,1
ZLTS,2/22/2021,1
JVV,2/22/2021,1
GZD,2/22/2021,1
ZM,2/22/2021,1
VCVE,2/22/2021,1
GUDO,2/22/2021,1
PGCW,2/22/2021,1
ZPV,2/22/2021,1
KSUF,2/22/2021,1
YHY,2/22/2021,1
BKFG,2/22/2021,1
AXMA,2/22/2021,1
WRAO,2/22/2021,1
UGI,2/22/2021,1
ORKB,2/22/2021,1
MQJ,2/22/2021,1
QEIU,2/22/2021,1
DFJ,2/22/2021,1
AOBW,2/22/2021,1
CEO,2/22/2021,1
LPM,2/22/2021,1
SUIK,2/22/2021,1
SBK,2/22/2021,1
CUUL,2/22/2021,1
UAG,2/22/2021,1
ULYZ,2/22/2021,1
GHX,2/22/2021,1
FIH,2/22/2021,1
LVWC,2/22/2021,1
GNYY,2/22/2021,1
UPS,2/22/2021,1
QBOO,2/22/2021,1
APG,2/22/2021,1
YRII,2/22/2021,1
RYC,2/22/2021,1
EYG,2/22/2021,1
PM,2/22/2021,1
UJG,2/22/2021,1
EET,2/22/2021,1
XGU,2/22/2021,1
DTQ,2/22/2021,1
OAN,2/22/2021,1
KDZ,2/22/2021,1
XJT,2/22/2021,1
UBDN,2/22/2021,1
WAF,2/22/2021,1
ALQ,2/22/2021,1
XKC,2/22/2021,1
JPEB,2/22/2021,1
ZG,2/22/2021,1
IWS,2/22/2021,1
TZCL,2/22/2021,1
ATLU,2/22/2021,1
RTI,2/22/2021,1
OYWD,2/22/2021,1
OBE,2/22/2021,1
LJBP,2/22/2021,1
LCS,2/22/2021,1
OKEC,2/22/2021,1
XYMC,2/22/2021,1
WET,2/22/2021,1
OFEB,2/22/2021,1
DPRX,2/22/2021,1
ROH,2/22/2021,1
MYW,2/22/2021,1
KRCW,2/22/2021,1
ZUQI,2/22/2021,1
EHKP,2/22/2021,1
VMFN,2/22/2021,1
PQB,2/22/2021,1
ZQAB,2/22/2021,1
DW,2/22/2021,1
DJV,2/22/2021,1
HQFX,2/22/2021,1
ULZR,2/22/2021,1
WPCX,2/22/2021,1
GYXV,2/22/2021,1
DMPS,2/22/2021,1
XGTA,2/22/2021,1
FPK,2/22/2021,1
FVE,2/22/2021,1
TUCJ,2/22/2021,1
RWI,2/22/2021,1
PGT,2/22/2021,1
AYHI,2/22/2021,1
QATV,2/22/2021,1
ZTK,2/22/2021,1
XX,2/22/2021,1
AO,2/22/2021,1
ULJ,2/22/2021,1
ZGQH,2/22/2021,1
MTTN,2/22/2021,1
NTXC,2/22/2021,1
LRCC,2/22/2021,1
CAQM,2/22/2021,1
WXM,2/22/2021,1
QFUS,2/22/2021,1
SOMS,2/22/2021,1
YQAZ,2/22/2021,1
ZTRH,2/22/2021,1
OQB,2/22/2021,1
LTNG,2/22/2021,1
JRT,2/22/2021,1
JUEF,2/22/2021,1
ZRVN,2/22/2021,1
XDY,2/22/2021,1
GW,2/22/2021,1
VKTV,2/22/2021,1
YJJ,2/22/2021,1
HNH,2/22/2021,1
IPRO,2/22/2021,1
XZMS,2/22/2021,1
CDP,2/22/2021,1
DDI,2/22/2021,1
XHEJ,2/22/2021,1
RWJJ,2/22/2021,1
OXR,2/22/2021,1
DYO,2/22/2021,1
QMBE,2/22/2021,1
OFZO,2/22/2021,1
WUI,2/22/2021,1
CJGW,2/22/2021,1
JGLM,2/22/2021,1
UTS,2/22/2021,1
KDH,2/22/2021,1
DPL,2/22/2021,1
NQY,2/22/2021,1
NU,2/22/2021,1
PC,2/22/2021,1
SIG,2/22/2021,1
ROWT,2/22/2021,1
JLN,2/22/2021,1
AV,2/22/2021,1
BOYA,2/22/2021,1
NGT,2/22/2021,1
CSSI,2/22/2021,1
BWCF,2/22/2021,1
SJQA,2/22/2021,1
WNQ,2/22/2021,1
ZFG,2/22/2021,1
NNA,2/22/2021,1
OB,2/22/2021,1
FTPK,2/22/2021,1
TH,2/22/2021,1
AYF,2/22/2021,1
GNC,2/22/2021,1
EMG,2/22/2021,1
IOUB,2/22/2021,1
Y,2/22/2021,1
NIO,2/22/2021,1
IYSQ,2/22/2021,1
VHBV,2/22/2021,1
IIZD,2/22/2021,1
JEH,2/22/2021,1
WPLC,2/22/2021,1
JSQT,2/22/2021,1
JM,2/22/2021,1
EMUL,2/22/2021,1
BKN,2/22/2021,1
ZWMQ,2/22/2021,1
XT,2/22/2021,1
MZFV,2/22/2021,1
OQGG,2/22/2021,1
MXE,2/22/2021,1
FCWQ,2/22/2021,1
TCZ,2/22/2021,1
JWB,2/22/2021,1
RDEU,2/22/2021,1
DUQP,2/22/2021,1
XYIO,2/22/2021,1
SKPZ,2/22/2021,1
LGE,2/22/2021,1
WCG,2/22/2021,1
UGC,2/22/2021,1
IMLT,2/22/2021,1
EJU,2/22/2021,1
YUYL,2/22/2021,1
UEVG,2/22/2021,1
Z,2/22/2021,1
XRH,2/22/2021,1
YG,2/22/2021,1
WEU,2/22/2021,1
CUB,2/22/2021,1
EKGC,2/22/2021,1
MVO,2/22/2021,1
EZEA,2/22/2021,1
HRK,2/22/2021,1
GXL,2/22/2021,1
QHHB,2/22/2021,1
YID,2/22/2021,1
GLD,2/22/2021,1
MA,2/22/2021,1
FQCB,2/22/2021,1
RJW,2/22/2021,1
MXAS,2/22/2021,1
DXCY,2/22/2021,1
CZM,2/22/2021,1
DOIC,2/22/2021,1
XPDN,2/22/2021,1
TGX,2/22/2021,1
HSUA,2/22/2021,1
SWCK,2/22/2021,1
MIN,2/22/2021,1
OGN,2/22/2021,1
MIA,2/22/2021,1
QJRG,2/22/2021,1
VSC,2/22/2021,1
XUFA,2/22/2021,1
MNU,2/22/2021,1
CRDP,2/22/2021,1
ARXR,2/22/2021,1
JT,2/22/2021,1
ZFC,2/22/2021,1
UKB,2/22/2021,1
TL,2/22/2021,1
ZIG,2/22/2021,1
VBPC,2/22/2021,1
FBU,2/22/2021,1
IXZF,2/22/2021,1
AIRS,2/22/2021,1
RL,2/22/2021,1
VTG,2/22/2021,1
ITE,2/22/2021,1
RXV,2/22/2021,1
FDN,2/22/2021,1
SR,2/22/2021,1
VVYL,2/22/2021,1
QQP,2/22/2021,1
LEH,2/22/2021,1
NK,2/22/2021,1
WAOC,2/22/2021,1
XMED,2/22/2021,1
AHV,2/22/2021,1
DM,2/22/2021,1
BSG,2/22/2021,1
INYC,2/22/2021,1
WW,2/22/2021,1
MBZB,2/22/2021,1
NAEE,2/22/2021,1
CBX,2/22/2021,1
QIZA,2/22/2021,1
AFYY,2/22/2021,1
DUYE,2/22/2021,1
GY,2/22/2021,1
SMJ,2/22/2021,1
LTTV,2/22/2021,1
XAD,2/22/2021,1
GFYF,2/22/2021,1
MHZE,2/22/2021,1
UN,2/22/2021,1
LCEP,2/22/2021,1
YHJ,2/22/2021,1
QZZ,2/22/2021,1
ZL,2/22/2021,1
EIQ,2/22/2021,1
SAX,2/22/2021,1
RRRR,2/22/2021,1
NM,2/22/2021,1
GIX,2/22/2021,1
GMK,2/22/2021,1
LM,2/22/2021,1
EOAE,2/22/2021,1
NDCW,2/22/2021,1
VKGR,2/22/2021,1
RPN,2/22/2021,1
WQNV,2/22/2021,1
JYHF,2/22/2021,1
KNK,2/22/2021,1
AL,2/22/2021,1
TA,2/22/2021,1
TGCS,2/22/2021,1
LHSQ,2/22/2021,1
CFGY,2/22/2021,1
EQUR,2/22/2021,1
IQO,2/22/2021,1
NYFO,2/22/2021,1
ETG,2/22/2021,1
FUTM,2/22/2021,1
NGCT,2/22/2021,1
LJV,2/22/2021,1
KQPG,2/22/2021,1
TDP,2/22/2021,1
EFC,2/22/2021,1
NPL,2/22/2021,1
RO,2/22/2021,1
PVMD,2/22/2021,1
TADU,2/22/2021,1
TVW,2/22/2021,1
ID,2/22/2021,1
OVUL,2/22/2021,1
VK,2/22/2021,1
JOQ,2/22/2021,1
XPFN,2/22/2021,1
TCFR,2/22/2021,1
GORD,2/22/2021,1
JCM,2/22/2021,1
RWH,2/22/2021,1
TAB,2/22/2021,1
ECVD,2/22/2021,1
ABH,2/22/2021,1
JRMG,2/22/2021,1
TAM,2/22/2021,1
VG,2/22/2021,1
AJIY,2/22/2021,1
N,2/22/2021,1
EBWC,2/22/2021,1
IB,2/22/2021,1
YT,2/22/2021,1
OFNA,2/22/2021,1
RSQB,2/22/2021,1
FWHF,2/22/2021,1
YUV,2/22/2021,1
QAI,2/22/2021,1
NH,2/22/2021,1
SV,2/22/2021,1
ZRPW,2/22/2021,1
WGQR,2/22/2021,1
AT,2/22/2021,1
QJF,2/22/2021,1
ZJO,2/22/2021,1
GYK,2/22/2021,1
ES,2/22/2021,1
GWMW,2/22/2021,1
BATD,2/22/2021,1
EIZM,2/22/2021,1
ZDJE,2/22/2021,1
RHGI,2/22/2021,1
FVMV,2/22/2021,1
GNEE,2/22/2021,1
VX,2/22/2021,1
RMTP,2/22/2021,1
LOD,2/22/2021,1
FXGH,2/22/2021,1
TTZ,2/22/2021,1
BDF,2/22/2021,1
AVY,2/22/2021,1
QWQA,2/22/2021,1
FNO,2/22/2021,1
DT,2/22/2021,1
COJ,2/22/2021,1
KUM,2/22/2021,1
TREL,2/22/2021,1
ODDD,2/22/2021,1
UO,2/22/2021,1
YYJJ,2/22/2021,1
IPGL,2/22/2021,1
BHO,2/22/2021,1
ILV,2/22/2021,1
RZCB,2/22/2021,1
KSLP,2/22/2021,1
FCRO,2/22/2021,1
RKFX,2/22/2021,1
LU,2/22/2021,1
DSZG,2/22/2021,1
FBHL,2/22/2021,1
TAN,2/22/2021,1
YKRU,2/22/2021,1
BUV,2/22/2021,1
UNN,2/22/2021,1
IEJ,2/22/2021,1
BIUA,2/22/2021,1
GLP,2/22/2021,1
NAJ,2/22/2021,1
FFP,2/22/2021,1
JZ,2/22/2021,1
MOLW,2/22/2021,1
TET,2/22/2021,1
IZLR,2/22/2021,1
FUOI,2/22/2021,1
EQ,2/22/2021,1
IGJ,2/22/2021,1
BDS,2/22/2021,1
JUKF,2/22/2021,1
BPSS,2/22/2021,1
EC,2/22/2021,1
GC,2/22/2021,1
SJRO,2/22/2021,1
ZJKE,2/22/2021,1
VRKD,2/22/2021,1
FI,2/22/2021,1
WZN,2/22/2021,1
XI,2/22/2021,1
JLC,2/22/2021,1
BLPF,2/22/2021,1
CWR,2/22/2021,1
UIA,2/22/2021,1
CHF,2/22/2021,1
SZJ,2/22/2021,1
EU,2/22/2021,1
OUX,2/22/2021,1
TLEO,2/22/2021,1
WDG,2/22/2021,1
VQO,2/22/2021,1
DEVJ,2/22/2021,1
GPPV,2/22/2021,1
FUPV,2/22/2021,1
HHG,2/22/2021,1
MIQG,2/22/2021,1
ZBLR,2/22/2021,1
KYU,2/22/2021,1
XAP,2/22/2021,1
CTOJ,2/22/2021,1
MCH,2/22/2021,1
BF,2/22/2021,1
KAJ,2/22/2021,1
CVJ,2/22/2021,1
VAO,2/22/2021,1
QFNO,2/22/2021,1
LKB,2/22/2021,1
EK,2/22/2021,1
ZHWM,2/22/2021,1
DE,2/22/2021,1
QWGM,2/22/2021,1
NHH,2/22/2021,1
RWBM,2/22/2021,1
XFZG,2/22/2021,1
QGM,2/22/2021,1
XXK,2/22/2021,1
LKN,2/22/2021,1
INVG,2/22/2021,1
CBAR,2/22/2021,1
ILZX,2/22/2021,1
ZJK,2/22/2021,1
WGS,2/22/2021,1
LKA,2/22/2021,1
RBHU,2/22/2021,1
TNHM,2/22/2021,1
BPY,2/22/2021,1
UYBN,2/22/2021,1
IRM,2/22/2021,1
SKV,2/22/2021,1
GOE,2/22/2021,1
SCVI,2/22/2021,1
RYX,2/22/2021,1
BP,2/22/2021,1
ZGXC,2/22/2021,1
SBAH,2/22/2021,1
CYMA,2/22/2021,1
GKBZ,2/22/2021,1
VPPG,2/22/2021,1
JAGU,2/22/2021,1
IVV,2/22/2021,1
HLFU,2/22/2021,1
CU,2/22/2021,1
CX,2/22/2021,1
WQPM,2/22/2021,1
KR,2/22/2021,1
YZV,2/22/2021,1
FIZ,2/22/2021,1
DBF,2/22/2021,1
FQNT,2/22/2021,1
WWRE,2/22/2021,1
NZCE,2/22/2021,1
DX,2/22/2021,1
IRMC,2/22/2021,1
IECK,2/22/2021,1
MPT,2/22/2021,1
HSH,2/22/2021,1
DJM,2/22/2021,1
DHCB,2/22/2021,1
UJ,2/22/2021,1
MNNA,2/22/2021,1
QKCY,2/22/2021,1
ZBG,2/22/2021,1
RUR,2/22/2021,1
HHMM,2/22/2021,1
KGP,2/22/2021,1
GMX,2/22/2021,1
QU,2/22/2021,1
JJBC,2/22/2021,1
WP,2/22/2021,1
JBZ,2/22/2021,1
GVC,2/22/2021,1
PVH,2/22/2021,1
ZUTF,2/22/2021,1
CZYK,2/22/2021,1
UAP,2/22/2021,1
GWYA,2/22/2021,1
IYT,2/22/2021,1
DOG,2/22/2021,1
COCO,2/22/2021,1
MES,2/22/2021,1
OLR,2/22/2021,1
QVKM,2/22/2021,1
RKTK,2/22/2021,1
FDYJ,2/22/2021,1
RA,2/22/2021,1
QDNQ,2/22/2021,1
XAX,2/22/2021,1
SGBF,2/22/2021,1
AZAU,2/22/2021,1
LAY,2/22/2021,1
KD,2/22/2021,1
FD,2/22/2021,1
EQW,2/22/2021,1
JSO,2/22/2021,1
HO,2/22/2021,1
QIPI,2/22/2021,1
MX,2/22/2021,1
HYMH,2/22/2021,1
DDFP,2/22/2021,1
YOUX,2/22/2021,1
STDX,2/22/2021,1
CZFQ,2/22/2021,1
GMTE,2/22/2021,1
V,2/22/2021,1
SXKH,2/22/2021,1
AVOI,2/22/2021,1
LQ,2/22/2021,1
VPRW,2/22/2021,1
HFAD,2/22/2021,1
SCC,2/22/2021,1
EFZ,2/22/2021,1
GD,2/22/2021,1
HORU,2/22/2021,1
FWOR,2/22/2021,1
XDIL,2/22/2021,1
WDL,2/22/2021,1
IHCO,2/22/2021,1
GTRD,2/22/2021,1
DGL,2/22/2021,1
GOAI,2/22/2021,1
HWK,2/22/2021,1
EYM,2/22/2021,1
MSXN,2/22/2021,1
CPTS,2/22/2021,1
UHW,2/22/2021,1
UYUN,2/22/2021,1
IK,2/22/2021,1
WMK,2/22/2021,1
EPHQ,2/22/2021,1
QXT,2/22/2021,1
MKT,2/22/2021,1
EXYQ,2/22/2021,1
QIEV,2/22/2021,1
TRHS,2/22/2021,1
LFD,2/22/2021,1
ZPIY,2/22/2021,1
SY,2/22/2021,1
YCQO,2/22/2021,1
UJV,2/22/2021,1
BADG,2/22/2021,1
JLAS,2/22/2021,1
YPMM,2/22/2021,1
QS,2/22/2021,1
FWN,2/22/2021,1
KUH,2/22/2021,1
EVE,2/22/2021,1
YVZ,2/22/2021,1
VDI,2/22/2021,1
SXKK,2/22/2021,1
LHCX,2/22/2021,1
CHOU,2/22/2021,1
NQFO,2/22/2021,1
JWBK,2/22/2021,1
LVIF,2/22/2021,1
WNRX,2/22/2021,1
FWXN,2/22/2021,1
VOU,2/22/2021,1
PQAX,2/22/2021,1
KZ,2/22/2021,1
ZR,2/22/2021,1
WFT,2/22/2021,1
DOAT,2/22/2021,1
AWA,2/22/2021,1
BMZ,2/22/2021,1
JBT,2/22/2021,1
GUR,2/22/2021,1
UOQH,2/22/2021,1
NMTA,2/22/2021,1
HR,2/22/2021,1
KJTT,2/22/2021,1
ZMFK,2/22/2021,1
DWK,2/22/2021,1
LWP,2/22/2021,1
UGN,2/22/2021,1
UDRX,2/22/2021,1
AC,2/22/2021,1
AD,2/22/2021,1
FBJL,2/22/2021,1
TDXI,2/22/2021,1
QAJZ,2/22/2021,1
EKH,2/22/2021,1
AKTR,2/22/2021,1
LGA,2/22/2021,1
JBY,2/22/2021,1
VUF,2/22/2021,1
NEX,2/22/2021,1
NQAQ,2/22/2021,1
RGX,2/22/2021,1
ZYRR,2/22/2021,1
POPH,2/22/2021,1
SZ,2/22/2021,1
JEE,2/22/2021,1
TION,2/22/2021,1
ZVN,2/22/2021,1
WRVS,2/22/2021,1
JJZ,2/22/2021,1
AVCU,2/22/2021,1
BHXY,2/22/2021,1
JTYF,2/22/2021,1
RZR,2/22/2021,1
FNTY,2/22/2021,1
DOYY,2/22/2021,1
JUAK,2/22/2021,1
XVM,2/22/2021,1
TSJ,2/22/2021,1
LOJQ,2/22/2021,1
XGHF,2/22/2021,1
NRY,2/22/2021,1
CULE,2/22/2021,1
CXUH,2/22/2021,1
MTZ,2/22/2021,1
CCVZ,2/22/2021,1
BEU,2/22/2021,1
DXYJ,2/22/2021,1
SYE,2/22/2021,1
UE,2/22/2021,1
GF,2/22/2021,1
JIUD,2/22/2021,1
EVQ,2/22/2021,1
KMWT,2/22/2021,1
XRZ,2/22/2021,1
XSDB,2/22/2021,1
IA,2/22/2021,1
USNC,2/22/2021,1
LVKU,2/22/2021,1
FJU,2/22/2021,1
MJG,2/22/2021,1
CS,2/22/2021,1
JLWE,2/22/2021,1
AXJD,2/22/2021,1
JNE,2/22/2021,1
UA,2/22/2021,1
FLPR,2/22/2021,1
MD,2/22/2021,1
JWNT,2/22/2021,1
LPGS,2/22/2021,1
GGXD,2/22/2021,1
TFFZ,2/22/2021,1
QR,2/22/2021,1
MZWE,2/22/2021,1
BKH,2/22/2021,1
BUJI,2/22/2021,1
NUFU,2/22/2021,1
YKS,2/22/2021,1
UJPI,2/22/2021,1
AZ,2/22/2021,1
WLPS,2/22/2021,1
ATQ,2/22/2021,1
ED,2/22/2021,1
MLE,2/22/2021,1
QYCQ,2/22/2021,1
IFCA,2/22/2021,1
SRWZ,2/22/2021,1
RJAS,2/22/2021,1
VQH,2/22/2021,1
MS,2/22/2021,1
PHG,2/22/2021,1
DWYB,2/22/2021,1
XDRT,2/22/2021,1
OGGO,2/22/2021,1
FQO,2/22/2021,1
JMT,2/22/2021,1
KYQ,2/22/2021,1
BWA,2/22/2021,1
EH,2/22/2021,1
KE,2/22/2021,1
QKXW,2/22/2021,1
IGI,2/22/2021,1
DJR,2/22/2021,1
SYY,2/22/2021,1
EQY,2/22/2021,1
JDHM,2/22/2021,1
LZDW,2/22/2021,1
SQ,2/22/2021,1
XITN,2/22/2021,1
BXZG,2/22/2021,1
WHCA,2/22/2021,1
JU,2/22/2021,1
BXCI,2/22/2021,1
TS,2/22/2021,1
ZKAT,2/22/2021,1
GQU,2/22/2021,1
ZTO,2/22/2021,1
QUJ,2/22/2021,1
SDYJ,2/22/2021,1
GMNM,2/22/2021,1
LKJS,2/22/2021,1
TPN,2/22/2021,1
JF,2/22/2021,1
XTZU,2/22/2021,1
LDRO,2/22/2021,1
ONL,2/22/2021,1
AZKX,2/22/2021,1
PLH,2/22/2021,1
AMZ,2/22/2021,1
ADRQ,2/22/2021,1
RZQQ,2/22/2021,1
IXJH,2/22/2021,1
UXY,2/22/2021,1
BZZ,2/22/2021,1
ZRG,2/22/2021,1
RYF,2/22/2021,1
PLY,2/22/2021,1
EAJ,2/22/2021,1
FSHJ,2/22/2021,1
WUZ,2/22/2021,1
TBVU,2/22/2021,1
KPGB,2/22/2021,1
TXU,2/22/2021,1
BQSD,2/22/2021,1
MGJK,2/22/2021,1
LECH,2/22/2021,1
LFED,2/22/2021,1
PSUM,2/22/2021,1
ADMV,2/22/2021,1
RPV,2/22/2021,1
IOCJ,2/22/2021,1
LYR,2/22/2021,1
EPG,2/22/2021,1
EVJF,2/22/2021,1
UJQ,2/22/2021,1
FV,2/22/2021,1
RCR,2/22/2021,1
EX,2/22/2021,1
LMXJ,2/22/2021,1
KGAW,2/22/2021,1
YIW,2/22/2021,1
JBC,2/22/2021,1
XDWY,2/22/2021,1
BVY,2/22/2021,1
YNGB,2/22/2021,1
RU,2/22/2021,1
NOXH,2/22/2021,1
WVT,2/22/2021,1
PQD,2/22/2021,1
ZYAO,2/22/2021,1
GBO,2/22/2021,1
IKG,2/22/2021,1
EAL,2/22/2021,1
OKU,2/22/2021,1
YZQ,2/22/2021,1
YQF,2/22/2021,1
KZKE,2/22/2021,1
LH,2/22/2021,1
YGMJ,2/22/2021,1
GNFO,2/22/2021,1
H,2/22/2021,1
ETMZ,2/22/2021,1
JBMA,2/22/2021,1
OIZX,2/22/2021,1
ATIB,2/22/2021,1
ZUG,2/22/2021,1
BTOU,2/22/2021,1
RGN,2/22/2021,1
ULPV,2/22/2021,1
OKLX,2/22/2021,1
ZOG,2/22/2021,1
FU,2/22/2021,1
ETWF,2/22/2021,1
VUC,2/22/2021,1
OJK,2/22/2021,1
YSEU,2/22/2021,1
BDRV,2/22/2021,1
SZEG,2/22/2021,1
YWP,2/22/2021,1
FB,2/22/2021,1
QB,2/22/2021,1
URCG,2/22/2021,1
VVB,2/22/2021,1
ISA,2/22/2021,1
IL,2/22/2021,1
VER,2/22/2021,1
FYT,2/22/2021,1
QQN,2/22/2021,1
NE,2/22/2021,1
YEQ,2/22/2021,1
GGU,2/22/2021,1
GLH,2/22/2021,1
YSCC,2/22/2021,1
WHIM,2/22/2021,1
KWXH,2/22/2021,1
ODVH,2/22/2021,1
XVCZ,2/22/2021,1
OHRO,2/22/2021,1
YN,2/22/2021,1
SMEH,2/22/2021,1
UFWL,2/22/2021,1
MUIE,2/22/2021,1
LBS,2/22/2021,1
ZNFJ,2/22/2021,1
PXZY,2/22/2021,1
BELW,2/22/2021,1
UMBH,2/22/2021,1
GEB,2/22/2021,1
HRB,2/22/2021,1
VCYS,2/22/2021,1
HOY,2/22/2021,1
BECR,2/22/2021,1
EFNM,2/22/2021,1
LGTQ,2/22/2021,1
DGU,2/22/2021,1
TTGG,2/22/2021,1
CYHW,2/22/2021,1
MWEA,2/22/2021,1
BEPZ,2/22/2021,1
XGBS,2/22/2021,1
RKH,2/22/2021,1
WQ,2/22/2021,1
PBP,2/22/2021,1
VGSK,2/22/2021,1
AQQB,2/22/2021,1
WJK,2/22/2021,1
NQZR,2/22/2021,1
LYV,2/22/2021,1
YSUR,2/22/2021,1
YO,2/22/2021,1
YX,2/22/2021,1
VIAU,2/22/2021,1
KFUR,2/22/2021,1
WRMS,2/22/2021,1
FAW,2/22/2021,1
KAO,2/22/2021,1
HMKA,2/22/2021,1
CASY,2/22/2021,1
VQ,2/22/2021,1
NJB,2/22/2021,1
ZB,2/22/2021,1
VYSN,2/22/2021,1
JIML,2/22/2021,1
NTG,2/22/2021,1
MIO,2/22/2021,1
EVDH,2/22/2021,1
VVW,2/22/2021,1
HQEG,2/22/2021,1
HIUV,2/22/2021,1
NOAK,2/22/2021,1
WPR,2/22/2021,1
KLKK,2/22/2021,1
HGAB,2/22/2021,1
HN,2/22/2021,1
IFM,2/22/2021,1
LZT,2/22/2021,1
OZO,2/22/2021,1
MIE,2/22/2021,1
AYNE,2/22/2021,1
PHLD,2/22/2021,1
XIGW,2/22/2021,1
PQYN,2/22/2021,1
OMB,2/22/2021,1
IDS,2/22/2021,1
VQHH,2/22/2021,1
FHEH,2/22/2021,1
JCWA,2/22/2021,1
SNLM,2/22/2021,1
AAX,2/22/2021,1
HRNT,2/22/2021,1
YCL,2/22/2021,1
OGQZ,2/22/2021,1
UAK,2/22/2021,1
UF,2/22/2021,1
AUM,2/22/2021,1
BSYO,2/22/2021,1
GHI,2/22/2021,1
MDNM,2/22/2021,1
OZQH,2/22/2021,1
OA,2/22/2021,1
XLW,2/22/2021,1
PEVF,2/22/2021,1
UOF,2/22/2021,1
EWYX,2/22/2021,1
AAFB,2/22/2021,1
OWWX,2/22/2021,1
YIDF,2/22/2021,1
VPFD,2/22/2021,1
GEIO,2/22/2021,1
FTBF,2/22/2021,1
LEJH,2/22/2021,1
VSPG,2/22/2021,1
UBIP,2/22/2021,1
AXVQ,2/22/2021,1
BMTS,2/22/2021,1
TU,2/22/2021,1
BOC,2/22/2021,1
GO,2/22/2021,1
RN,2/22/2021,1
KJE,2/22/2021,1
DL,2/22/2021,1
MWZH,2/22/2021,1
EICZ,2/22/2021,1
WYF,2/22/2021,1
TBP,2/22/2021,1
QMYT,2/22/2021,1
HYF,2/22/2021,1
STPU,2/22/2021,1
BAGD,2/22/2021,1
GOHJ,2/22/2021,1
KFN,2/22/2021,1
FXRM,2/22/2021,1
CMFL,2/22/2021,1
CRP,2/22/2021,1
EQK,2/22/2021,1
SOO,2/22/2021,1
JFY,2/22/2021,1
ZBIU,2/22/2021,1
XSD,2/22/2021,1
FXYI,2/22/2021,1
VAA,2/22/2021,1
LGQ,2/22/2021,1
AS,2/22/2021,1
TNK,2/22/2021,1
FEB,2/22/2021,1
AGZD,2/22/2021,1
SWB,2/22/2021,1
FO,2/22/2021,1
CQSB,2/22/2021,1
TJA,2/22/2021,1
RHMT,2/22/2021,1
FBAB,2/22/2021,1
ML,2/22/2021,1
DAJ,2/22/2021,1
EUQ,2/22/2021,1
URL,2/22/2021,1
XRY,2/22/2021,1
NBN,2/22/2021,1
BWP,2/22/2021,1
IP,2/22/2021,1
SXP,2/22/2021,1
WJGK,2/22/2021,1
ITJJ,2/22/2021,1
IIS,2/22/2021,1
DZ,2/22/2021,1
OPAM,2/22/2021,1
OQM,2/22/2021,1
STSH,2/22/2021,1
OXD,2/22/2021,1
GRV,2/22/2021,1
QSH,2/22/2021,1
ZA,2/22/2021,1
YWV,2/22/2021,1
ZCE,2/22/2021,1
HFSL,2/22/2021,1
UZE,2/22/2021,1
YLG,2/22/2021,1
PF,2/22/2021,1
CZBM,2/22/2021,1
RSET,2/22/2021,1
TZQ,2/22/2021,1
HHB,2/22/2021,1
DMCF,2/22/2021,1
RDPX,2/22/2021,1
XDM,2/22/2021,1
JXOB,2/22/2021,1
TGM,2/22/2021,1
GUP,2/22/2021,1
QV,2/22/2021,1
IQZR,2/22/2021,1
T,2/22/2021,1
HV,2/22/2021,1
DND,2/22/2021,1
TAD,2/22/2021,1
LYMS,2/22/2021,1
GALA,2/22/2021,1
GNNF,2/22/2021,1
IZ,2/22/2021,1
HGVW,2/22/2021,1
LZO,2/22/2021,1
POA,2/22/2021,1
YVO,2/22/2021,1
ZTD,2/22/2021,1
TMDV,2/22/2021,1
GOV,2/22/2021,1
MEGQ,2/22/2021,1
IT,2/22/2021,1
XKJP,2/22/2021,1
TEE,2/22/2021,1
RX,2/22/2021,1
IMRM,2/22/2021,1
CWQA,2/22/2021,1
IJO,2/22/2021,1
GBFU,2/22/2021,1
XF,2/22/2021,1
RXDP,2/22/2021,1
FHM,2/22/2021,1
UWBN,2/22/2021,1
MVDC,2/22/2021,1
PU,2/22/2021,1
HVWA,2/22/2021,1
OYED,2/22/2021,1
OVD,2/22/2021,1
KN,2/22/2021,1
WN,2/22/2021,1
PYL,2/22/2021,1
ZC,2/22/2021,1
YQR,2/22/2021,1
SBPJ,2/22/2021,1
IQN,2/22/2021,1
RY,2/22/2021,1
NPKW,2/22/2021,1
HUEB,2/22/2021,1
PDBB,2/22/2021,1
TOBW,2/22/2021,1
LGXH,2/22/2021,1
JXRN,2/22/2021,1
SZX,2/22/2021,1
HAHL,2/22/2021,1
IYV,2/22/2021,1
HRBR,2/22/2021,1
IXLM,2/22/2021,1
OX,2/22/2021,1
YSB,2/22/2021,1
DNWO,2/22/2021,1
JWXY,2/22/2021,1
XBR,2/22/2021,1
FAH,2/22/2021,1
JKH,2/22/2021,1
KDVA,2/22/2021,1
CGXI,2/22/2021,1
JBYS,2/22/2021,1
DQQX,2/22/2021,1
RWS,2/22/2021,1
LJ,2/22/2021,1
YTBW,2/22/2021,1
OCR,2/22/2021,1
HNHP,2/22/2021,1
VBLD,2/22/2021,1
VUW,2/22/2021,1
IGU,2/22/2021,1
IGO,2/22/2021,1
VQUD,2/22/2021,1
EQPS,2/22/2021,1
QBBL,2/22/2021,1
LIG,2/22/2021,1
RPF,2/22/2021,1
IPLI,2/22/2021,1
OEKL,2/22/2021,1
NXI,2/22/2021,1
PTEF,2/22/2021,1
ZVFG,2/22/2021,1
YF,2/22/2021,1
JEPO,2/22/2021,1
HAXG,2/22/2021,1
JW,2/22/2021,1
RRQP,2/22/2021,1
IMDS,2/22/2021,1
LOOE,2/22/2021,1
KNRQ,2/22/2021,1
HUO,2/22/2021,1
YDLP,2/22/2021,1
WZYR,2/22/2021,1
JQGR,2/22/2021,1
TM,2/22/2021,1
TN,2/22/2021,1
UR,2/22/2021,1
QJ,2/22/2021,1
TOOJ,2/22/2021,1
WZJO,2/22/2021,1
PRSF,2/22/2021,1
ZVV,2/22/2021,1
XVT,2/22/2021,1
WTY,2/22/2021,1
LNCU,2/22/2021,1
HTK,2/22/2021,1
EEMW,2/22/2021,1
CSPO,2/22/2021,1
SBZN,2/22/2021,1
BMG,2/22/2021,1
QMP,2/22/2021,1
NEG,2/22/2021,1
TIW,2/22/2021,1
UQO,2/22/2021,1
MPM,2/22/2021,1
IFVC,2/22/2021,1
DEAC,2/22/2021,1
HCO,2/22/2021,1
HKEX,2/22/2021,1
YE,2/22/2021,1
KGL,2/22/2021,1
JHPY,2/22/2021,1
PRC,2/22/2021,1
OWO,2/22/2021,1
LNHD,2/22/2021,1
QUX,2/22/2021,1
AFIH,2/22/2021,1
IVR,2/22/2021,1
NPBX,2/22/2021,1
YVL,2/22/2021,1
TND,2/22/2021,1
JQGT,2/22/2021,1
MHCS,2/22/2021,1
YJL,2/22/2021,1
CJID,2/22/2021,1
OSQ,2/22/2021,1
RSM,2/22/2021,1
LPV,2/22/2021,1
KWA,2/22/2021,1
GZHV,2/22/2021,1
WWR,2/22/2021,1
GNER,2/22/2021,1
KWYE,2/22/2021,1
YUX,2/22/2021,1
QPNQ,2/22/2021,1
PY,2/22/2021,1
PUF,2/22/2021,1
WEH,2/22/2021,1
AEZ,2/22/2021,1
VTQK,2/22/2021,1
LS,2/22/2021,1
FOA,2/22/2021,1
WJT,2/22/2021,1
GBZE,2/22/2021,1
WZ,2/22/2021,1
BBU,2/22/2021,1
OFOI,2/22/2021,1
BTQ,2/22/2021,1
IILE,2/22/2021,1
KKVF,2/22/2021,1
OIP,2/22/2021,1
ZRE,2/22/2021,1
HWP,2/22/2021,1
CUJI,2/22/2021,1
GBQJ,2/22/2021,1
DAKC,2/22/2021,1
B,2/22/2021,1
UQGS,2/22/2021,1
KHHB,2/22/2021,1
RQJ,2/22/2021,1
BD,2/22/2021,1
XIW,2/22/2021,1
QWPI,2/22/2021,1
SZRQ,2/22/2021,1
WKW,2/22/2021,1
MGM,2/22/2021,1
WYHE,2/22/2021,1
HOK,2/22/2021,1
YR,2/22/2021,1
WNL,2/22/2021,1
IBDP,2/22/2021,1
AGBH,2/22/2021,1
ZXG,2/22/2021,1
JIP,2/22/2021,1
KOBI,2/22/2021,1
NJVT,2/22/2021,1
ZNUF,2/22/2021,1
GTUN,2/22/2021,1
SHPN,2/22/2021,1
ORA,2/22/2021,1
VAZJ,2/22/2021,1
GFCX,2/22/2021,1
MKEX,2/22/2021,1
LAM,2/22/2021,1
LKJ,2/22/2021,1
PZL,2/22/2021,1
ZMM,2/22/2021,1
GHWU,2/22/2021,1
ODQT,2/22/2021,1
MISR,2/22/2021,1
TNNV,2/22/2021,1
MGSI,2/22/2021,1
NVI,2/22/2021,1
IAW,2/22/2021,1
FWDC,2/22/2021,1
LO,2/22/2021,1
VXA,2/22/2021,1
BAY,2/22/2021,1
TPU,2/22/2021,1
TAAS,2/22/2021,1
ER,2/22/2021,1
STA,2/22/2021,1
TXDW,2/22/2021,1
CCES,2/22/2021,1
XDR,2/22/2021,1
WTFL,2/22/2021,1
FGRT,2/22/2021,1
FBMD,2/22/2021,1
IHM,2/22/2021,1
NYTY,2/22/2021,1
YQWG,2/22/2021,1
MDTP,2/22/2021,1
BE,2/22/2021,1
QNY,2/22/2021,1
ROU,2/22/2021,1
FCA,2/22/2021,1
TSC,2/22/2021,1
THXK,2/22/2021,1
INUX,2/22/2021,1
IW,2/22/2021,1
OMT,2/22/2021,1
TJSZ,2/22/2021,1
MT,2/22/2021,1
TDU,2/22/2021,1
JTZE,2/22/2021,1
RJ,2/22/2021,1
RFC,2/22/2021,1
VUGF,2/22/2021,1
HVJ,2/22/2021,1
GAUE,2/22/2021,1
PEF,2/22/2021,1
CC,2/22/2021,1
JN,2/22/2021,1
EKQ,2/22/2021,1
CQF,2/22/2021,1
NQ,2/22/2021,1
LMX,2/22/2021,1
WVD,2/22/2021,1
VB,2/22/2021,1
HJAM,2/22/2021,1
PVK,2/22/2021,1
LIIQ,2/22/2021,1
VO,2/22/2021,1
AZEA,2/22/2021,1
WCRA,2/22/2021,1
LWS,2/22/2021,1
AOU,2/22/2021,1
GHF,2/22/2021,1
VW,2/22/2021,1
NQK,2/22/2021,1
ESIV,2/22/2021,1
RDN,2/22/2021,1
OIX,2/22/2021,1
MLL,2/22/2021,1
RTT,2/22/2021,1
JII,2/22/2021,1
CVY,2/22/2021,1
AZV,2/22/2021,1
SHP,2/22/2021,1
IVOD,2/22/2021,1
LLJV,2/22/2021,1
XUD,2/22/2021,1
UFL,2/22/2021,1
TPGG,2/22/2021,1
EJW,2/22/2021,1
IBZH,2/22/2021,1
YCSC,2/22/2021,1
PZLM,2/22/2021,1
EL,2/22/2021,1
SBY,2/22/2021,1
QAP,2/22/2021,1
HDIG,2/22/2021,1
MZW,2/22/2021,1
OKL,2/22/2021,1
MU,2/22/2021,1
OYJL,2/22/2021,1
MONV,2/22/2021,1
ZIO,2/22/2021,1
ERCL,2/22/2021,1
FYA,2/22/2021,1
MJN,2/22/2021,1
WGG,2/22/2021,1
KAH,2/22/2021,1
YHP,2/22/2021,1
KCZ,2/22/2021,1
BTO,2/22/2021,1
MDD,2/22/2021,1
HFER,2/22/2021,1
DENT,2/22/2021,1
STU,2/22/2021,1
VAI,2/22/2021,1
OKK,2/22/2021,1
HKUA,2/22/2021,1
ERM,2/22/2021,1
LGC,2/22/2021,1
HXT,2/22/2021,1
XCO,2/22/2021,1
XRVZ,2/22/2021,1
MIL,2/22/2021,1
JC,2/22/2021,1
NSSN,2/22/2021,1
LADT,2/22/2021,1
JRYM,2/22/2021,1
HID,2/22/2021,1
TQS,2/22/2021,1
MGMQ,2/22/2021,1
PFUN,2/22/2021,1
XRJ,2/22/2021,1
YLC,2/22/2021,1
WVY,2/22/2021,1
SHN,2/22/2021,1
BJSQ,2/22/2021,1
SMZ,2/22/2021,1
AN,2/22/2021,1
BHW,2/22/2021,1
XWKN,2/22/2021,1
BAI,2/22/2021,1
BO,2/22/2021,1
MJFT,2/22/2021,1
ZJT,2/22/2021,1
NLVA,2/22/2021,1
RHZU,2/22/2021,1
SYH,2/22/2021,1
KBC,2/22/2021,1
SHYR,2/22/2021,1
MQNT,2/22/2021,1
SITA,2/22/2021,1
PMU,2/22/2021,1
WBUZ,2/22/2021,1
UAB,2/22/2021,1
YWO,2/22/2021,1
WKB,2/22/2021,1
ZFOK,2/22/2021,1
HNU,2/22/2021,1
QOBN,2/22/2021,1
RHB,2/22/2021,1
WWL,2/22/2021,1
AWOX,2/22/2021,1
PW,2/22/2021,1
NWQE,2/22/2021,1
QBGX,2/22/2021,1
UK,2/22/2021,1
RMVQ,2/22/2021,1
XBT,2/22/2021,1
QWFR,2/22/2021,1
HQ,2/22/2021,1
VWSN,2/22/2021,1
GSE,2/22/2021,1
MAGM,2/22/2021,1
YZCV,2/22/2021,1
AEZE,2/22/2021,1
NQTP,2/22/2021,1
UAX,2/22/2021,1
LVJ,2/22/2021,1
CB,2/22/2021,1
IKD,2/22/2021,1
NBSS,2/22/2021,1
GMT,2/22/2021,1
RYE,2/22/2021,1
PQL,2/22/2021,1
GOG,2/22/2021,1
TOU,2/22/2021,1
WLG,2/22/2021,1
EXSR,2/22/2021,1
KWML,2/22/2021,1
ON,2/22/2021,1
KWT,2/22/2021,1
LFP,2/22/2021,1
TNH,2/22/2021,1
ZFPG,2/22/2021,1
VZA,2/22/2021,1
RCF,2/22/2021,1
DPC,2/22/2021,1
VMI,2/22/2021,1
JDXP,2/22/2021,1
NEKJ,2/22/2021,1
KKOM,2/22/2021,1
NTZK,2/22/2021,1
BCXJ,2/22/2021,1
XE,2/22/2021,1
EB,2/22/2021,1
HMR,2/22/2021,1
FJT,2/22/2021,1
VEFM,2/22/2021,1
SQMO,2/22/2021,1
DJZ,2/22/2021,1
NBQ,2/22/2021,1
AGH,2/22/2021,1
QLP,2/22/2021,1
DRN,2/22/2021,1
FMJ,2/22/2021,1
KZO,2/22/2021,1
TDK,2/22/2021,1
PWY,2/22/2021,1
FLCD,2/22/2021,1
RCI,2/22/2021,1
XV,2/22/2021,1
CHN,2/22/2021,1
BJW,2/22/2021,1
SI,2/22/2021,1
WH,2/22/2021,1
CMKB,2/22/2021,1
LI,2/22/2021,1
BYFR,2/22/2021,1
QPLT,2/22/2021,1
PCOG,2/22/2021,1
LTGN,2/22/2021,1
BSWG,2/22/2021,1
NWUJ,2/22/2021,1
LVZ,2/22/2021,1
IKZ,2/22/2021,1
FQV,2/22/2021,1
XK,2/22/2021,1
RPX,2/22/2021,1
FNII,2/22/2021,1
VKOX,2/22/2021,1
EAMV,2/22/2021,1
PWET,2/22/2021,1
IPB,2/22/2021,1
WGRU,2/22/2021,1
TQQ,2/22/2021,1
BGGV,2/22/2021,1
HVKB,2/22/2021,1
IYHJ,2/22/2021,1
VQL,2/22/2021,1
HBBS,2/22/2021,1
VPBM,2/22/2021,1
BB,2/22/2021,1
UYD,2/22/2021,1
VAM,2/22/2021,1
WWKC,2/22/2021,1
FSTD,2/22/2021,1
BJD,2/22/2021,1
DAA,2/22/2021,1
FPU,2/22/2021,1
KW,2/22/2021,1
MFA,2/22/2021,1
VJUU,2/22/2021,1
QZQ,2/22/2021,1
YL,2/22/2021,1
OZN,2/22/2021,1
DRJ,2/22/2021,1
ZDGL,2/22/2021,1
OTT,2/22/2021,1
FDD,2/22/2021,1
KWG,2/22/2021,1
HGX,2/22/2021,1
JNMU,2/22/2021,1
SWSR,2/22/2021,1
YYT,2/22/2021,1
DTA,2/22/2021,1
RQT,2/22/2021,1
SORO,2/22/2021,1
VEPW,2/22/2021,1
XJ,2/22/2021,1
BCZV,2/22/2021,1
FDEG,2/22/2021,1
DSKZ,2/22/2021,1
ZZE,2/22/2021,1
RG,2/22/2021,1
BZJ,2/22/2021,1
TNU,2/22/2021,1
IEAK,2/22/2021,1
NGZH,2/22/2021,1
HVP,2/22/2021,1
CVU,2/22/2021,1
KML,2/22/2021,1
DU,2/22/2021,1
GIR,2/22/2021,1
FVIO,2/22/2021,1
CSK,2/22/2021,1
HRO,2/22/2021,1
LQP,2/22/2021,1
GMF,2/22/2021,1
MPK,2/22/2021,1
WIOV,2/22/2021,1
NOK,2/22/2021,1
UND,2/22/2021,1
MGHP,2/22/2021,1
USZ,2/22/2021,1
MYBT,2/22/2021,1
CEM,2/22/2021,1
GZ,2/22/2021,1
HFKI,2/22/2021,1
DTC,2/22/2021,1
MBT,2/22/2021,1
TO,2/22/2021,1
EUY,2/22/2021,1
ABQ,2/22/2021,1
CD,2/22/2021,1
TRF,2/22/2021,1
PXUZ,2/22/2021,1
XNQY,2/22/2021,1
GXE,2/22/2021,1
ET,2/22/2021,1
TUZ,2/22/2021,1
RW,2/22/2021,1
KA,2/22/2021,1
EFO,2/22/2021,1
AQ,2/22/2021,1
JCY,2/22/2021,1
DOU,2/22/2021,1
PYO,2/22/2021,1
DXKW,2/22/2021,1
QZS,2/22/2021,1
NEVY,2/22/2021,1
ANX,2/22/2021,1
MIJ,2/22/2021,1
AH,2/22/2021,1
FEJ,2/22/2021,1
LFXD,2/22/2021,1
GKKX,2/22/2021,1
UFBS,2/22/2021,1
WPGF,2/22/2021,1
IJCH,2/22/2021,1
JSY,2/22/2021,1
LJTG,2/22/2021,1
HPKC,2/22/2021,1
IOO,2/22/2021,1
ICHZ,2/22/2021,1
XSN,2/22/2021,1
BNMT,2/22/2021,1
VMFW,2/22/2021,1
YYK,2/22/2021,1
BQ,2/22/2021,1
KTL,2/22/2021,1
LJRT,2/22/2021,1
VLDJ,2/22/2021,1
RB,2/22/2021,1
JTSB,2/22/2021,1
CAN,2/22/2021,1
JIEA,2/22/2021,1
PGO,2/22/2021,1
NFC,2/22/2021,1
KZSC,2/22/2021,1
ZKMS,2/22/2021,1
BJON,2/22/2021,1
TZLB,2/22/2021,1
MWZ,2/22/2021,1
XC,2/22/2021,1
HKTG,2/22/2021,1
IM,2/22/2021,1
SRO,2/22/2021,1
QA,2/22/2021,1
JXYV,2/22/2021,1
PAY,2/22/2021,1
ZJOO,2/22/2021,1
MDLE,2/22/2021,1
XL,2/22/2021,1
KXIG,2/22/2021,1
GGY,2/22/2021,1
MEBP,2/22/2021,1
CAQX,2/22/2021,1
REL,2/22/2021,1
AGL,2/22/2021,1
TYGB,2/22/2021,1
KC,2/22/2021,1
EJI,2/22/2021,1
NCKB,2/22/2021,1
QXL,2/22/2021,1
CN,2/22/2021,1
MHKY,2/22/2021,1
QTK,2/22/2021,1
FOX,2/22/2021,1
FXQV,2/22/2021,1
VNK,2/22/2021,1
UOJM,2/22/2021,1
JVAW,2/22/2021,1
OPME,2/22/2021,1
GGE,2/22/2021,1
MTD,2/22/2021,1
CPJF,2/22/2021,1
NYHX,2/22/2021,1
COA,2/22/2021,1
LQW,2/22/2021,1
OUWE,2/22/2021,1
TSRY,2/22/2021,1
ZIU,2/22/2021,1
ZDO,2/22/2021,1
SQW,2/22/2021,1
VJT,2/22/2021,1
ADW,2/22/2021,1
YWA,2/22/2021,1
JA,2/22/2021,1
LHXZ,2/22/2021,1
ZADH,2/22/2021,1
FHK,2/22/2021,1
CVM,2/22/2021,1
IREK,2/22/2021,1
KB,2/22/2021,1
DBC,2/22/2021,1
EFE,2/22/2021,1
RSB,2/22/2021,1
YTW,2/22/2021,1
MVMK,2/22/2021,1
ZAMF,2/22/2021,1
BMSY,2/22/2021,1
CQDE,2/22/2021,1
REYG,2/22/2021,1
YRJM,2/22/2021,1
YZN,2/22/2021,1
XN,2/22/2021,1
RVD,2/22/2021,1
HKU,2/22/2021,1
UVN,2/22/2021,1
LAZ,2/22/2021,1
WR,2/22/2021,1
HXD,2/22/2021,1
QFIT,2/22/2021,1
JLMI,2/22/2021,1
RQWE,2/22/2021,1
ONM,2/22/2021,1
MVFV,2/22/2021,1
JNIE,2/22/2021,1
ETQT,2/22/2021,1
RNUW,2/22/2021,1
ZSU,2/22/2021,1
KV,2/22/2021,1
AZS,2/22/2021,1
FLZZ,2/22/2021,1
YIH,2/22/2021,1
BOS,2/22/2021,1
PDC,2/22/2021,1
ZBN,2/22/2021,1
GEL,2/22/2021,1
YNDJ,2/22/2021,1
ZDW,2/22/2021,1
QCK,2/22/2021,1
GSUR,2/22/2021,1
EG,2/22/2021,1
QDMZ,2/22/2021,1
GMMX,2/22/2021,1
UFR,2/22/2021,1
ULX,2/22/2021,1
VAE,2/22/2021,1
CPWW,2/22/2021,1
VQYY,2/22/2021,1
NGX,2/22/2021,1
ZFZ,2/22/2021,1
NHVL,2/22/2021,1
NQCK,2/22/2021,1
PXYC,2/22/2021,1
XCI,2/22/2021,1
MVY,2/22/2021,1
BQI,2/22/2021,1
OZXZ,2/22/2021,1
VGK,2/22/2021,1
ACL,2/22/2021,1
PVE,2/22/2021,1
PUMY,2/22/2021,1
ODMI,2/22/2021,1
MI,2/22/2021,1
WFA,2/22/2021,1
CYAF,2/22/2021,1
QVTP,2/22/2021,1
HDF,2/22/2021,1
PKX,2/22/2021,1
WLI,2/22/2021,1
CNQ,2/22/2021,1
RNRJ,2/22/2021,1
RBDT,2/22/2021,1
TT,2/22/2021,1
JRHK,2/22/2021,1
LQPY,2/22/2021,1
UIOW,2/22/2021,1
FAQQ,2/22/2021,1
VN,2/22/2021,1
ONK,2/22/2021,1
JBG,2/22/2021,1
IJAJ,2/22/2021,1
JXB,2/22/2021,1
ZFFT,2/22/2021,1
EA,2/22/2021,1
SL,2/22/2021,1
EEW,2/22/2021,1
TKXD,2/22/2021,1
LQU,2/22/2021,1
NBI,2/22/2021,1
OGGA,2/22/2021,1
UDSF,2/22/2021,1
LPR,2/22/2021,1
YKXF,2/22/2021,1
ZDQD,2/22/2021,1
DEMG,2/22/2021,1
PXKT,2/22/2021,1
FM,2/22/2021,1
RC,2/22/2021,1
AJ,2/22/2021,1
ASSI,2/22/2021,1
ZDC,2/22/2021,1
PYW,2/22/2021,1
PVSH,2/22/2021,1
DXSV,2/22/2021,1
YBFG,2/22/2021,1
QYO,2/22/2021,1
LIST,2/22/2021,1
TFVA,2/22/2021,1
LWAW,2/22/2021,1
XU,2/22/2021,1
FQTW,2/22/2021,1
OAOL,2/22/2021,1
NEAV,2/22/2021,1
CV,2/22/2021,1
LG,2/22/2021,1
TYR,2/22/2021,1
FBM,2/22/2021,1
QI,2/22/2021,1
DCY,2/22/2021,1
JV,2/22/2021,1
AM,2/22/2021,1
CBI,2/22/2021,1
MRJU,2/22/2021,1
DTN,2/22/2021,1
JOW,2/22/2021,1
WFF,2/22/2021,1
SRBO,2/22/2021,1
YUQ,2/22/2021,1
HGRN,2/22/2021,1
RGJG,2/22/2021,1
PVGE,2/22/2021,1
IYSW,2/22/2021,1
RAEE,2/22/2021,1
BOH,2/22/2021,1
KNO,2/22/2021,1
KGOE,2/22/2021,1
ZK,2/22/2021,1
JEA,2/22/2021,1
OOX,2/22/2021,1
QRRU,2/22/2021,1
MQMX,2/22/2021,1
XM,2/22/2021,1
VBE,2/22/2021,1
HFT,2/22/2021,1
OHP,2/22/2021,1
ZPS,2/22/2021,1
MNP,2/22/2021,1
PVYQ,2/22/2021,1
MACM,2/22/2021,1
TDW,2/22/2021,1
BSKT,2/22/2021,1
WCY,2/22/2021,1
HYO,2/22/2021,1
UIQI,2/22/2021,1
CLJ,2/22/2021,1
OWIZ,2/22/2021,1
VGG,2/22/2021,1
ILX,2/22/2021,1
XJR,2/22/2021,1
PER,2/22/2021,1
GWRV,2/22/2021,1
FLVM,2/22/2021,1
ABZ,2/22/2021,1
BMAR,2/22/2021,1
RF,2/22/2021,1
VQTD,2/22/2021,1
KXV,2/22/2021,1
BTBW,2/22/2021,1
BTGQ,2/22/2021,1
UPJP,2/22/2021,1
QBU,2/22/2021,1
RFWT,2/22/2021,1
YZZ,2/22/2021,1
GSM,2/22/2021,1
EV,2/22/2021,1
XNXP,2/22/2021,1
SLK,2/22/2021,1
GPCB,2/22/2021,1
NBEM,2/22/2021,1
XPZ,2/22/2021,1
ZN,2/22/2021,1
CW,2/22/2021,1
NJRB,2/22/2021,1
LLZR,2/22/2021,1
ZGKR,2/22/2021,1
NLDC,2/22/2021,1
ZW,2/22/2021,1
HCS,2/22/2021,1
KYR,2/22/2021,1
KT,2/22/2021,1
ONFR,2/22/2021,1
KAIW,2/22/2021,1
IBLC,2/22/2021,1
ZIDH,2/22/2021,1
JY,2/22/2021,1
ZRM,2/22/2021,1
VUCB,2/22/2021,1
BBPZ,2/22/2021,1
RJVM,2/22/2021,1
KXO,2/22/2021,1
RJH,2/22/2021,1
XYV,2/22/2021,1
UYQE,2/22/2021,1
KKV,2/22/2021,1
ZKYU,2/22/2021,1
LMZ,2/22/2021,1
RLHJ,2/22/2021,1
I,2/22/2021,1
FA,2/22/2021,1
TDT,2/22/2021,1
DD,2/22/2021,1
AFBB,2/22/2021,1
AUG,2/22/2021,1
ZTR,2/22/2021,1
QSI,2/22/2021,1
PPRB,2/22/2021,1
GDD,2/22/2021,1
YIVN,2/22/2021,1
XUH,2/22/2021,1
SOB,2/22/2021,1
IQK,2/22/2021,1
EHZX,2/22/2021,1
MSZ,2/22/2021,1
EWF,2/22/2021,1
IIYX,2/22/2021,1
ZMTE,2/22/2021,1
WF,2/22/2021,1
EPR,2/22/2021,1
DROQ,2/22/2021,1
LV,2/22/2021,1
FOH,2/22/2021,1
UCD,2/22/2021,1
KFUP,2/22/2021,1
VZ,2/22/2021,1
YPN,2/22/2021,1
OPG,2/22/2021,1
CMK,2/22/2021,1
MNF,2/22/2021,1
AAMA,2/22/2021,1
FMV,2/22/2021,1
CH,2/22/2021,1
DWHI,2/22/2021,1
NHRN,2/22/2021,1
NND,2/22/2021,1
VS,2/22/2021,1
JPX,2/22/2021,1
OHD,2/22/2021,1
WLWM,2/22/2021,1
QAH,2/22/2021,1
ZEF,2/22/2021,1
QPDD,2/22/2021,1
CVEG,2/22/2021,1
IOXP,2/22/2021,1
YAV,2/22/2021,1
EMJR,2/22/2021,1
TNDB,2/22/2021,1
MCGQ,2/22/2021,1
LNJP,2/22/2021,1
ITP,2/22/2021,1
CAX,2/22/2021,1
EQFO,2/22/2021,1
YJO,2/22/2021,1
KIH,2/22/2021,1
FW,2/22/2021,1
MFTJ,2/22/2021,1
CPGL,2/22/2021,1
KGW,2/22/2021,1
XYIS,2/22/2021,1
HAXB,2/22/2021,1
GDNX,2/22/2021,1
QUC,2/22/2021,1
UEX,2/22/2021,1
MZ,2/22/2021,1
IVI,2/22/2021,1
UZR,2/22/2021,1
YXSS,2/22/2021,1
GGM,2/22/2021,1
RGKD,2/22/2021,1
XXG,2/22/2021,1
JZQ,2/22/2021,1
GLQ,2/22/2021,1
EFSJ,2/22/2021,1
QEXX,2/22/2021,1
RRAA,2/22/2021,1
QBJN,2/22/2021,1
OE,2/22/2021,1
CZB,2/22/2021,1
UL,2/22/2021,1
SSC,2/22/2021,1
CNES,2/22/2021,1
ZGBN,2/22/2021,1
UPAC,2/22/2021,1
NYG,2/22/2021,1
EWO,2/22/2021,1
G,2/22/2021,1
HUGK,2/22/2021,1
WZSE,2/22/2021,1
KJI,2/22/2021,1
VQXD,2/22/2021,1
UIXR,2/22/2021,1
WIWF,2/22/2021,1
KK,2/22/2021,1
NYL,2/22/2021,1
TD,2/22/2021,1
WUV,2/22/2021,1
QOWM,2/22/2021,1
RCK,2/22/2021,1
OWWG,2/22/2021,1
YAGO,2/22/2021,1
GVRO,2/22/2021,1
TPD,2/22/2021,1
QLX,2/22/2021,1
NNYP,2/22/2021,1
ZRQ,2/22/2021,1
JUXF,2/22/2021,1
UIOU,2/22/2021,1
DPI,2/22/2021,1
KDT,2/22/2021,1
TDI,2/22/2021,1
BMUX,2/22/2021,1
INA,2/22/2021,1
CNK,2/22/2021,1
ZWK,2/22/2021,1
ERDN,2/22/2021,1
XR,2/22/2021,1
HX,2/22/2021,1
JIU,2/22/2021,1
FVOF,2/22/2021,1
BGN,2/22/2021,1
CJZK,2/22/2021,1
RLBX,2/22/2021,1
TGYY,2/22/2021,1
JGOY,2/22/2021,1
SNBG,2/22/2021,1
YU,2/22/2021,1
JLK,2/22/2021,1
LEZ,2/22/2021,1
ZI,2/22/2021,1
GMJ,2/22/2021,1
OWNM,2/22/2021,1
TKG,2/22/2021,1
OYV,2/22/2021,1
ZDX,2/22/2021,1
JQ,2/22/2021,1
DBH,2/22/2021,1
NOZ,2/22/2021,1
EOJ,2/22/2021,1
WWFK,2/22/2021,1
NLG,2/22/2021,1
EGLC,2/22/2021,1
SKK,2/22/2021,1
HRUE,2/22/2021,1
GWHO,2/22/2021,1
QXSV,2/22/2021,1
IMS,2/22/2021,1
HVS,2/22/2021,1
XDEZ,2/22/2021,1
QWJ,2/22/2021,1
JLVE,2/22/2021,1
O,2/22/2021,1
WHT,2/22/2021,1
CZOW,2/22/2021,1
PSUR,2/22/2021,1
RJWE,2/22/2021,1
BNC,2/22/2021,1
OVJ,2/22/2021,1
LPJ,2/22/2021,1
FFW,2/22/2021,1
CSAK,2/22/2021,1
LXN,2/22/2021,1
QWT,2/22/2021,1
YVUU,2/22/2021,1
VTF,2/22/2021,1
YGZ,2/22/2021,1
QN,2/22/2021,1
FCN,2/22/2021,1
OO,2/22/2021,1
NVS,2/22/2021,1
VMA,2/22/2021,1
KHZS,2/22/2021,1
UUX,2/22/2021,1
JPNB,2/22/2021,1
BCOH,2/22/2021,1
DIW,2/22/2021,1
HKS,2/22/2021,1
JRW,2/22/2021,1
GL,2/22/2021,1
DINK,2/22/2021,1
ZCYF,2/22/2021,1
PZET,2/22/2021,1
DZLI,2/22/2021,1
CKYS,2/22/2021,1
YW,2/22/2021,1
MHQ,2/22/2021,1
KSR,2/22/2021,1
NG,2/22/2021,1
BSQX,2/22/2021,1
SLLD,2/22/2021,1
IFIM,2/22/2021,1
LSU,2/22/2021,1
SQA,2/22/2021,1
VNHB,2/22/2021,1
XHO,2/22/2021,1
CSRH,2/22/2021,1
CFO,2/22/2021,1
AKB,2/22/2021,1
VWRH,2/22/2021,1
OLF,2/22/2021,1
RGM,2/22/2021,1
F,2/22/2021,1
MV,2/22/2021,1
BIA,2/22/2021,1
GMCG,2/22/2021,1
TXF,2/22/2021,1
YVF,2/22/2021,1
VC,2/22/2021,1
LPNG,2/22/2021,1
INEL,2/22/2021,1
REE,2/22/2021,1
WNOT,2/22/2021,1
GXFG,2/22/2021,1
TJY,2/22/2021,1
MUVF,2/22/2021,1
JRWP,2/22/2021,1
NZ,2/22/2021,1
HS,2/22/2021,1
HT,2/22/2021,1
NSMJ,2/22/2021,1
PMJ,2/22/2021,1
GDH,2/22/2021,1
CZYE,2/22/2021,1
SESA,2/22/2021,1
WD,2/22/2021,1
HQR,2/22/2021,1
DNIK,2/22/2021,1
DEN,2/22/2021,1
ECUL,2/22/2021,1
AMTT,2/22/2021,1
TRA,2/22/2021,1
BH,2/22/2021,1
FWEH,2/22/2021,1
EN,2/22/2021,1
NUGS,2/22/2021,1
UQNZ,2/22/2021,1
IJU,2/22/2021,1
XIUK,2/22/2021,1
RPYL,2/22/2021,1
XA,2/22/2021,1
EUJ,2/22/2021,1
JO,2/22/2021,1
TW,2/22/2021,1
KU,2/22/2021,1
NFBW,2/22/2021,1
BHD,2/22/2021,1
PTL,2/22/2021,1
UM,2/22/2021,1
WBGY,2/22/2021,1
XRB,2/22/2021,1
KMJ,2/22/2021,1
EWI,2/22/2021,1
JWPL,2/22/2021,1
PAI,2/22/2021,1
YFWL,2/22/2021,1
J,2/22/2021,1
BI,2/22/2021,1
QCE,2/22/2021,1
ETA,2/22/2021,1
CK,2/22/2021,1
DPTU,2/22/2021,1
GCS,2/22/2021,1
FCQC,2/22/2021,1
KIXW,2/22/2021,1
FIZH,2/22/2021,1
KVAE,2/22/2021,1
XXVB,2/22/2021,1
NXV,2/22/2021,1
KATM,2/22/2021,1
RMM,2/22/2021,1
UZCF,2/22/2021,1
XQWG,2/22/2021,1
XGSM,2/22/2021,1
FFQ,2/22/2021,1
JXC,2/22/2021,1
PK,2/22/2021,1
IRKX,2/22/2021,1
QTJR,2/22/2021,1
PWR,2/22/2021,1
AY,2/22/2021,1
CJX,2/22/2021,1
YWC,2/22/2021,1
LYON,2/22/2021,1
YNUC,2/22/2021,1
NDAP,2/22/2021,1
KTTM,2/22/2021,1
ELCR,2/22/2021,1
IWUN,2/22/2021,1
YVDW,2/22/2021,1
CRS,2/22/2021,1
GTJ,2/22/2021,1
ERS,2/22/2021,1
WIUZ,2/22/2021,1
SFOV,2/22/2021,1
NGF,2/22/2021,1
FEU,2/22/2021,1
NJ,2/22/2021,1
QFR,2/22/2021,1
UERD,2/22/2021,1
KDG,2/22/2021,1
SKZ,2/22/2021,1
YWBM,2/22/2021,1
REG,2/22/2021,1
BCU,2/22/2021,1
TBW,2/22/2021,1
VAJG,2/22/2021,1
DUPG,2/22/2021,1
ZKBW,2/22/2021,1
XGOK,2/22/2021,1
BOI,2/22/2021,1
JMY,2/22/2021,1
QUP,2/22/2021,1
E,2/22/2021,1
DHE,2/22/2021,1
QAJ,2/22/2021,1
FRV,2/22/2021,1
PLRT,2/22/2021,1
PLNU,2/22/2021,1
BFR,2/22/2021,1
PUH,2/22/2021,1
DHIO,2/22/2021,1
DXC,2/22/2021,1
LWFK,2/22/2021,1
EESN,2/22/2021,1
XKS,2/22/2021,1
GOEV,2/22/2021,1
NVZD,2/22/2021,1
MBFS,2/22/2021,1
RSOK,2/22/2021,1
UIV,2/22/2021,1
OAUF,2/22/2021,1
ZGK,2/22/2021,1
POOS,2/22/2021,1
VIHV,2/22/2021,1
IGE,2/22/2021,1
FWEE,2/22/2021,1
TYXY,2/22/2021,1
EZA,2/22/2021,1
VXM,2/22/2021,1
TWB,2/22/2021,1
ZZS,2/22/2021,1
YD,2/22/2021,1
JGSN,2/22/2021,1
BKG,2/22/2021,1
FJL,2/22/2021,1
MELF,2/22/2021,1
SLE,2/22/2021,1
WMC,2/22/2021,1
USDC,2/22/2021,1
YSPP,2/22/2021,1
CM,2/22/2021,1
BV,2/22/2021,1
EPCF,2/22/2021,1
OQZJ,2/22/2021,1
XXL,2/22/2021,1
NXW,2/22/2021,1
RGRQ,2/22/2021,1
XLSM,2/22/2021,1
FG,2/22/2021,1
EPL,2/22/2021,1
TDKL,2/22/2021,1
LNZ,2/22/2021,1
VXEP,2/22/2021,1
AA,2/22/2021,1
CVXE,2/22/2021,1
XMC,2/22/2021,1
VNRM,2/22/2021,1
IVP,2/22/2021,1
UZU,2/22/2021,1
AUD,2/22/2021,1
QQV,2/22/2021,1
SLLC,2/22/2021,1
FBCH,2/22/2021,1
SOU,2/22/2021,1
UB,2/22/2021,1
EJGE,2/22/2021,1
BTN,2/22/2021,1
SBTR,2/22/2021,1
C,2/22/2021,1
EDS,2/22/2021,1
HE,2/22/2021,1
VD,2/22/2021,1
QJCF,2/22/2021,1
OMSB,2/22/2021,1
PWPR,2/22/2021,1
VWM,2/22/2021,1
QVD,2/22/2021,1
AXWU,2/22/2021,1
NY,2/22/2021,1
IDT,2/22/2021,1
VEA,2/22/2021,1
MXLX,2/22/2021,1
YK,2/22/2021,1
SIS,2/22/2021,1
CRYJ,2/22/2021,1
TZZ,2/22/2021,1
AENV,2/22/2021,1
NSM,2/22/2021,1
EGXJ,2/22/2021,1
ZDP,2/22/2021,1
REW,2/22/2021,1
LEHP,2/22/2021,1
PR,2/22/2021,1
CVWV,2/22/2021,1
UMHI,2/22/2021,1
LOF,2/22/2021,1
UJXW,2/22/2021,1
MDAM,2/22/2021,1
JB,2/22/2021,1
SRUV,2/22/2021,1
HFDJ,2/22/2021,1
PJ,2/22/2021,1
SXUF,2/22/2021,1
LIE,2/22/2021,1
MPKJ,2/22/2021,1
LX,2/22/2021,1
YZK,2/22/2021,1
MR,2/22/2021,1
IDVE,2/22/2021,1
HJUM,2/22/2021,1
XGP,2/22/2021,1
NNOO,2/22/2021,1
DEC,2/22/2021,1
HC,2/22/2021,1
IXCM,2/22/2021,1
OUDA,2/22/2021,1
STEQ,2/22/2021,1
YKP,2/22/2021,1
DDR,2/22/2021,1
SVKP,2/22/2021,1
QLT,2/22/2021,1
NW,2/22/2021,1
JLR,2/22/2021,1
IMVN,2/22/2021,1
NDM,2/22/2021,1
IAOR,2/22/2021,1
HLC,2/22/2021,1
MZC,2/22/2021,1
IGIU,2/22/2021,1
SK,2/22/2021,1
JCQE,2/22/2021,1
DSS,2/22/2021,1
DLDX,2/22/2021,1
CQA,2/22/2021,1
QXHF,2/22/2021,1
ZX,2/22/2021,1
ZBL,2/22/2021,1
UDOT,2/22/2021,1
ZUH,2/22/2021,1
YDKD,2/22/2021,1
HNT,2/22/2021,1
VGVP,2/22/2021,1
ROB,2/22/2021,1
DPCY,2/22/2021,1
GSFX,2/22/2021,1
ONRP,2/22/2021,1
WC,2/22/2021,1
EFUW,2/22/2021,1
TSB,2/22/2021,1
AZP,2/22/2021,1
EOLL,2/22/2021,1
TUC,2/22/2021,1
RWB,2/22/2021,1
FSX,2/22/2021,1
VAN,2/22/2021,1
ELIB,2/22/2021,1
LTV,2/22/2021,1
LHJY,2/22/2021,1
CQ,2/22/2021,1
EGII,2/22/2021,1
KASZ,2/22/2021,1
HDPI,2/22/2021,1
HBH,2/22/2021,1
ZCV,2/22/2021,1
ADL,2/22/2021,1
OM,2/22/2021,1
SUK,2/22/2021,1
XNJ,2/22/2021,1
AGZ,2/22/2021,1
VLNJ,2/22/2021,1
NT,2/22/2021,1
HXK,2/22/2021,1
MTX,2/22/2021,1
HJD,2/22/2021,1
GB,2/22/2021,1
WGMP,2/22/2021,1
YFLN,2/22/2021,1
JCJH,2/22/2021,1
KUFQ,2/22/2021,1
QHFU,2/22/2021,1
UWN,2/22/2021,1
OFAI,2/22/2021,1
INL,2/22/2021,1
XKUJ,2/22/2021,1
IBR,2/22/2021,1
SYL,2/22/2021,1
XYL,2/22/2021,1
VSEW,2/22/2021,1
NKI,2/22/2021,1
JL,2/22/2021,1
FPWB,2/22/2021,1
KOM,2/22/2021,1
PP,2/22/2021,1
XTS,2/22/2021,1
NUDT,2/22/2021,1
BDHB,2/22/2021,1
YJI,2/22/2021,1
JNZ,2/22/2021,1
KIJA,2/22/2021,1
FCZH,2/22/2021,1
LVH,2/22/2021,1
HJQ,2/22/2021,1
OSN,2/22/2021,1
UPSS,2/22/2021,1
KG,2/22/2021,1
VNTB,2/22/2021,1
AVL,2/22/2021,1
LR,2/22/2021,1
XDFX,2/22/2021,1
BJC,2/22/2021,1
FLTS,2/22/2021,1
XMWK,2/22/2021,1
RK,2/22/2021,1
RYBU,2/22/2021,1
VUAU,2/22/2021,1
PAH,2/22/2021,1
XUT,2/22/2021,1
VQSN,2/22/2021,1
RZLV,2/22/2021,1
XQ,2/22/2021,1
TTQ,2/22/2021,1
PT,2/22/2021,1
YVA,2/22/2021,1
MGZ,2/22/2021,1
BSO,2/22/2021,1
MAZ,2/22/2021,1
JULK,2/22/2021,1
NELK,2/22/2021,1
NUO,2/22/2021,1
XVP,2/22/2021,1
GHE,2/22/2021,1
OOLB,2/22/2021,1
ZO,2/22/2021,1
BW,2/22/2021,1
GPSF,2/22/2021,1
BMFG,2/22/2021,1
QXH,2/22/2021,1
UTN,2/22/2021,1
GM,2/22/2021,1
YXGW,2/22/2021,1
OK,2/22/2021,1
BMQ,2/22/2021,1
OEYM,2/22/2021,1
